snp	pvalues.df1	MAF.df1	N.df1	V.df1	z.df1	r.df1	lABF.df1	V.df2	z.df2	r.df2	lABF.df2	internal.sum.lABF	SNP.PP.H4
rs9270493	3.192e-115	0.2147	41505	0.00031140266503732	22.8158488505113	0.992275072449726	255.839172396339	5.29426777468008e-06	-5.29130094400469	0.872170495993368	11.1809272469959	267.020099643335	6.48286748023242e-74
rs9270505	1.63e-189	0.4384	41505	0.000213251611782877	29.3630147916937	0.994696981635765	426.187483483242	3.63832197090172e-06	-4.81935469963859	0.908494491894237	9.35475011678696	435.542233600029	1
