snp	V.df1	z.df1	r.df1	lABF.df1	V.df2	z.df2	r.df2	lABF.df2	internal.sum.lABF	SNP.PP.H4
rs2916801	0.00056644	5.40336134453782	0.986036733812481	12.2586563383304	8.3597616940402e-05	6.99507234743237	0.857649332023611	20.0081047752765	32.2667611136069	0.999187553516883
rs2916803	0.00061504	-4.74193548387097	0.984856841209562	8.97761868774346	9.30995434376318e-05	5.73167348364949	0.843993555251186	12.9345433078265	21.9121619955699	3.18201158352278e-05
rs3132688	0.00063001	-5.38247011952191	0.984493973789325	12.1776165991764	9.30995434376318e-05	5.73167348364949	0.843993555251186	12.9345433078265	25.1121599070029	0.000780626322211134
rs4084097	0.00131044	-1.51933701657459	0.968278236687869	-0.607796682780221	0.000173485727931836	-5.11587742840659	0.743801465743104	9.05255974820587	8.44476306542565	4.50697049884368e-11
