snp	V.df1	z.df1	r.df1	lABF.df1	V.df2	z.df2	r.df2	lABF.df2	internal.sum.lABF	SNP.PP.H4
rs113600317	0.000625	2.772	0.984615384615385	1.69569079582141	0.000317278225426633	20.4754191351914	0.916840701408739	190.945927629207	192.641618425028	0.32736785079736
rs28724008	0.00068121	3.21455938697318	0.983254922850131	3.03535381991577	0.000328232682487867	19.6233551720804	0.914215817272842	174.793355885242	177.828709705157	1.20745654308502e-07
rs28724031	0.00137641	-2.73315363881402	0.966734426693858	1.90919922214665	0.000323284510118764	19.4622863030443	0.915399624387462	172.132895768814	174.04209499096	2.73757252659378e-09
rs35095850	0.00124609	2.48158640226629	0.969788893929097	1.23633860991656	0.000316031290890481	20.5143077056232	0.917140445098722	191.737930391284	192.9742690012	0.45656680944754
rs77122291	0.00056644	-3.52941176470588	0.986036733812481	4.0057426417865	0.000319498609782353	20.3354567086089	0.916307440287454	188.220371607912	192.226114249698	0.216065216271871
rs9368726	0.00046656	2.55555555555556	0.988470480317576	0.996360933290402	0.000333948657331806	18.6732106556442	0.912852125764898	157.930579966583	158.926940899873	7.4634154786154e-16
rs9380306	0.00046656	2.55555555555556	0.988470480317576	0.996360933290402	0.000333948657331806	18.6732106556442	0.912852125764898	157.930579966583	158.926940899873	7.4634154786154e-16
rs9391877	0.00046656	-2.56018518518519	0.988470480317576	1.00806639326073	0.000333948657331806	18.6732106556442	0.912852125764898	157.930579966583	158.938646359844	7.55129150099416e-16
rs9405108	0.00046656	-2.56018518518519	0.988470480317576	1.00806639326073	0.000333948657331806	18.6732106556442	0.912852125764898	157.930579966583	158.938646359844	7.55129150099416e-16
