snp	pvalues.df1	MAF.df1	N.df1	V.df1	z.df1	r.df1	lABF.df1	V.df2	z.df2	r.df2	lABF.df2	internal.sum.lABF	SNP.PP.H4
rs1610600	3.096e-43	0.1978	41505	0.000330888003577324	13.7859647070779	0.991795667788223	91.8452367310936	5.42981214999435e-07	3.84225380953672	0.862353762317412	5.37389317046831	97.2191299015619	0.292035265548957
rs1611349	5.868e-42	0.2843	41505	0.000258037062955824	13.5720227720292	0.993590421148644	88.9845986281673	4.14813345628567e-07	3.42106119810997	0.891313125468237	4.10617064195402	93.0907692701213	0.0047044738359891
rs1633096	4.791e-06	0.2117	41505	0.000314613665275728	4.57373751211888	0.992196039185991	7.95134965601137	4.31124609698698e-07	-4.26205882321559	0.887520061411197	6.96847528759763	14.919824943609	5.28811987343944e-37
rs1736921	2.785e-43	0.1978	41505	0.000330888003577324	13.7936018779703	0.991795667788223	91.9496876239817	5.41770998637377e-07	3.87507875377067	0.862618405847539	5.48414406567894	97.4338316896606	0.361975436844392
rs909717	3.159e-43	0.1978	41505	0.000330888003577324	13.7845109641978	0.991795667788223	91.8253609561269	5.65129496307866e-07	3.90070891406389	0.857539015448536	5.54961176700347	97.3749727231303	0.341284823770662
