snp	V.df1	z.df1	r.df1	lABF.df1	V.df2	z.df2	r.df2	lABF.df2	internal.sum.lABF	SNP.PP.H4
rs1130410	0.00247009	0.835010060362173	0.941839303848897	-1.09392787193157	0.00016817150356147	3.96795849110587	0.865291077596287	5.80955239352393	4.71562452159236	1.56197416918322e-09
rs184006295	0.005041	1.05492957746479	0.888079749561511	-0.600822852228525	0.000214822058606093	-7.96999047510924	0.834121557494185	25.5937626833025	24.992939831074	0.999999986801381
rs34297496	0.00073441	-1.26568265682657	0.981970771149011	-1.22134519751581	0.000164964498110985	4.34827883421973	0.867519630580484	7.19066580868343	5.96932061116762	5.47201326152397e-09
rs35254656	0.00080089	0.996466431095406	0.980370771323861	-1.47864048379306	0.000162476398657383	4.33920625659679	0.869256538287626	7.16623095322729	5.68759046943423	4.12850956670626e-09
rs41316200	0.00209764	-0.74235807860262	0.950172028645786	-1.23777161680655	0.000169052869423412	4.08612959701711	0.864680619434102	6.21849180571359	4.98072018890704	2.03612029632296e-09
