snp	pvalues.df1	MAF.df1	N.df1	V.df1	z.df1	r.df1	lABF.df1	V.df2	z.df2	r.df2	lABF.df2	internal.sum.lABF	SNP.PP.H4
rs1050414	2.791e-09	0.1143	41505	0.000518629351595231	5.94344113903378	0.987200224689367	15.2570096715966	0.000288814964731835	5.55971014352653	0.815315264687656	11.7562985332503	27.0133082048469	2.83471482275018e-28
rs2523608	7.302e-41	0.3708	41505	0.000225040937027072	13.3859878728168	0.994405451634484	86.498125679757	0.000120011687177859	3.31720152488291	0.91397157604198	3.80205331296392	90.3001789927209	0.866259747980213
rs2854001	5.441e-38	0.2117	41505	0.000314613665275728	12.8853755494319	0.992196039185991	79.9420324515781	0.000173006365742512	4.65796240911476	0.880521979117922	8.48986123864739	88.4318936902255	0.133740252019782
