snp	pvalues.df1	MAF.df1	N.df1	V.df1	z.df1	r.df1	lABF.df1	V.df2	z.df2	r.df2	lABF.df2	internal.sum.lABF	SNP.PP.H4
rs1050420	6.955e-20	0.4314	41505	0.000214043956835284	9.12835187445234	0.99467738292958	38.8237505436877	5.7043884062535e-05	9.92848287802852	0.914161443402378	43.8289845478969	82.6527350915847	4.36859967865027e-53
rs1050458	1.091e-83	0.2823	41505	0.000259141007273217	19.3821916995493	0.993563175944902	184.102758758447	5.71104275166088e-05	6.67109422515429	0.91406991453828	19.1125437437347	203.215302502181	1
rs1050723	9.218e-33	0.1471	41505	0.000418484309896858	11.9208350068223	0.989646214670292	68.0322829833589	0.000111231721172586	5.54873207997593	0.845239880928267	12.0788639897178	80.1111469730766	3.43988999464674e-54
rs116583816	1.379e-44	0.1531	41505	0.000404932507990393	14.0087032220871	0.989978141705587	94.8370260044292	0.000110789337728833	5.64516433972739	0.845760447929021	12.5416722342395	107.378698238669	2.39161684699797e-42
rs17199328	9.624e-33	0.1481	41505	0.000416146541957113	11.9172437209586	0.989703458207598	67.9912143324661	0.000111030089653936	5.58055071609475	0.845477067802327	12.2314479800601	80.2226623125262	3.84569688890352e-54
rs2768	3.41e-48	0.2724	41505	0.000264905010809947	14.5867625284122	0.993420945343375	103.174963716547	7.94966377657849e-05	6.24726328096141	0.884284581298491	16.1777506050758	119.352714321623	3.7926320874165e-37
rs2769	1.415e-31	0.1471	41505	0.000418484309896858	11.6911248389665	0.989646214670292	65.3484083392762	0.000111030089653936	5.58055071609475	0.845477067802327	12.2314479800601	77.5798563193363	2.73664832293667e-55
rs35267732	0.0529	0.06859	41505	0.000821841878266304	1.93573635027927	0.979867594394268	-0.116893481641972	0.000207987622092593	3.62072642094594	0.744954504415984	4.19989339755656	4.08299991591459	3.2956404002032e-87
rs9266258	2.685e-44	0.1421	41505	0.00043068447920029	13.9612977038045	0.989347583778309	94.1497595723558	0.000114254597212088	5.09264640028998	0.841699842455933	9.99313147938503	104.142891051741	9.40585757330554e-44
