snp	V.df1	z.df1	r.df1	lABF.df1	V.df2	z.df2	r.df2	lABF.df2	internal.sum.lABF	SNP.PP.H4
rs2071550	0.00034596	-3.06989247311828	0.991425163758651	2.29225255011135	1.20450768157282e-06	-1.32358294714391	0.90320615715832	-0.376435240593631	1.91581730951772	1.17292364621338e-13
rs241447	0.000324	6.5	0.991965082829084	18.5432830805737	1.33704242820081e-06	-5.44903568738673	0.89368797906123	12.1469987765358	30.6902818571095	0.36801109694708
rs241448	0.000324	6.58333333333333	0.991965082829084	19.0840418236437	1.33704242820081e-06	-5.44903568738673	0.89368797906123	12.1469987765358	31.2310406001795	0.631988903052708
rs9348894	0.00034596	2.99462365591398	0.991425163758651	2.06597514541028	1.20450768157282e-06	-1.32358294714391	0.90320615715832	-0.376435240593631	1.68953990481664	9.35402903298817e-14
