snp	V.df1	z.df1	r.df1	lABF.df1	V.df2	z.df2	r.df2	lABF.df2	internal.sum.lABF	SNP.PP.H4
rs10445367	0.00118336	-6.43023255813953	0.971266064740711	18.3050633471438	1.15382344421367e-07	7.17802003851196	0.872321750999249	21.4436196645647	39.7486830117086	8.6420456651659e-07
rs17690703	0.00059536	-8.8155737704918	0.985334284509363	36.1761808505057	8.98527996161205e-08	6.44989042368247	0.897681377095385	17.5324285086411	53.7086093591468	0.998471187898356
rs62054807	0.00050625	-8.40444444444444	0.987501928714705	32.6848540649546	8.35400420021431e-08	5.89565524340301	0.904181141756325	14.5414555875392	47.2263096524939	0.0015279478955651
rs9899833	0.00046656	-6.30092592592593	0.988470480317576	17.3905408816105	7.56217648262414e-08	4.75626070936426	0.912468283748954	9.10305898784977	26.4935998694603	1.51358596142389e-12
