snp	V.df1	z.df1	r.df1	lABF.df1	V.df2	z.df2	r.df2	lABF.df2	internal.sum.lABF	SNP.PP.H4
rs1050409	0.00082944	3.81597222222222	0.979685246723933	5.18470995053579	0.000112045206416431	9.42325344756195	0.818574003414951	35.490292937369	40.6750028879048	0.895450438578648
rs1050823	0.00091204	3.26158940397351	0.977707295945154	3.29866029916654	0.000142936835386922	-5.45614519668603	0.77957915260431	10.8477404376542	14.1464007368207	2.6965968736795e-12
rs17193040	0.00090601	-3.06976744186047	0.977851420854784	2.70238684847114	0.000142936835386922	-5.45614519668603	0.77957915260431	10.8477404376542	13.5501272861253	1.48544903967481e-12
rs2395474	0.00091204	-3.00993377483444	0.977707295945154	2.52712013093089	0.00014211635182285	-5.0395102387167	0.780566769359182	9.15354212874119	11.6806622596721	2.29065356567665e-13
rs2523591	0.00028224	-0.279761904761905	0.99299343829936	-2.44159492023153	4.25623077352664e-05	8.21226687153981	0.922345423927731	29.824357349604	27.3827624293725	1.5111057920735e-06
rs3997995	0.00090601	-3.03654485049834	0.977851420854784	2.60319970310127	0.00014211635182285	-5.0395102387167	0.780566769359182	9.15354212874119	11.7567418318425	2.4717261405137e-13
rs41560220	0.00093636	-2.8202614379085	0.977126447002127	1.99708363985346	0.000142936835386922	-5.45614519668603	0.77957915260431	10.8477404376542	12.8448240775076	7.33750593888318e-13
rs41562714	0.00080656	3.19366197183099	0.980234550523249	3.03702985284189	0.000112045206416431	9.42325344756195	0.818574003414951	35.490292937369	38.5273227902109	0.104548050310169
