snp	V.df1	z.df1	r.df1	lABF.df1	V.df2	z.df2	r.df2	lABF.df2	internal.sum.lABF	SNP.PP.H4
rs2768	0.00038416	0.683673469387755	0.990487359400319	-2.09608533019844	0.000101372548798637	7.24041961727181	0.893938900110166	22.3099117678158	20.2138264376173	1.72889925336821e-14
rs35267732	0.001225	0.342857142857143	0.970285021224985	-1.70102301505861	0.000267145347150112	4.34963038740408	0.761810550000702	6.48911081118129	4.78808779612268	3.45506733348882e-21
rs9264942	0.00031684	8.65730337078652	0.992141249165361	34.7568846491711	7.41867162100988e-05	6.32575874027019	0.920109762716372	17.145648154088	51.9025328032591	0.999999999999986
rs9266267	0.00080656	-1.85211267605634	0.980234550523249	-0.28065016013191	0.000179350169269269	4.00860437974224	0.826508883782859	5.76473360875323	5.48408344862132	6.92984605200484e-21
