snp	pvalues.df1	MAF.df1	N.df1	V.df1	z.df1	r.df1	lABF.df1	V.df2	z.df2	r.df2	lABF.df2	internal.sum.lABF	SNP.PP.H4
rs116383515	1.542e-18	0.06064	41505	0.000921719363483157	8.78656680484851	0.977476035273687	35.8358230483381	0.000986580205287473	-4.54654782894432	0.725142538494909	6.84899461561188	42.68481766395	3.95733944009738e-06
rs9461807	1.588e-20	0.08549	41505	0.000671562119418961	9.28693174670871	0.983488165085788	40.359662741199	0.000734307932811223	-6.16533589172737	0.77995973706662	14.0666954039682	54.4263581451672	0.49738140344343
rs9461808	1.571e-20	0.08549	41505	0.000671562119418961	9.28807762316565	0.983488165085788	40.3701293497162	0.000734307932811223	-6.16533589172737	0.77995973706662	14.0666954039682	54.4368247536844	0.502614639217127
