snp	pvalues.df1	MAF.df1	N.df1	V.df1	z.df1	r.df1	lABF.df1	V.df2	z.df2	r.df2	lABF.df2	internal.sum.lABF	SNP.PP.H4
rs2768	3.41e-48	0.2724	41505	0.000264905010809947	14.5867625284122	0.993420945343375	103.174963716547	0.000101372548798637	7.24041961727181	0.893938900110166	22.3099117678158	125.484875484363	1
rs35267732	0.0529	0.06859	41505	0.000821841878266304	1.93573635027927	0.979867594394268	-0.116893481641972	0.000267145347150112	4.34963038740408	0.761810550000702	6.48911081118129	6.37221732953932	1.86221507716696e-52
rs9264942	1.013e-26	0.3618	41505	0.000227386462087489	10.7004364015098	0.994347471161176	54.3382380570669	7.41867162100988e-05	6.32575874027019	0.920109762716372	17.145648154088	71.4838862111549	3.52913556545441e-24
rs9266267	0.05465	0.1014	41505	0.000576216377236741	1.92164851193933	0.985799159490879	-0.307080517164701	0.000179350169269269	4.00860437974224	0.826508883782859	5.76473360875323	5.45765309158853	7.4617318288301e-53
