snp	pvalues.df1	MAF.df1	N.df1	V.df1	z.df1	r.df1	lABF.df1	V.df2	z.df2	r.df2	lABF.df2	internal.sum.lABF	SNP.PP.H4
rs1059542	4.023e-48	0.1521	41505	0.000407114075232878	14.5754774716611	0.989924693100455	102.853215920807	9.10073733274643e-05	5.94172529789106	0.84696287081012	14.0120933822554	116.865309303062	0.00013157920150429
rs1655895	3.691e-48	0.1521	41505	0.000407114075232878	14.5813581370486	0.989924693100455	102.938082953703	9.30995434376318e-05	5.73167348364949	0.843993555251186	12.9345433078265	115.87262626153	4.87607614896354e-05
rs2916801	2.201e-49	0.1829	41505	0.000351318525174695	14.772586921918	0.991293505689151	105.792812967646	8.3597616940402e-05	6.99507234743237	0.857649332023611	20.0081047752765	125.800917742922	0.999706887981873
rs2916803	7.33e-48	0.1521	41505	0.000407114075232878	14.5344498994952	0.989924693100455	102.262077615932	9.30995434376318e-05	5.73167348364949	0.843993555251186	12.9345433078265	115.196620923758	2.48019079533991e-05
rs3132688	2.028e-48	0.1521	41505	0.000407114075232878	14.6221803996934	0.989924693100455	103.528154552523	9.30995434376318e-05	5.73167348364949	0.843993555251186	12.9345433078265	116.462697860349	8.79701471864975e-05
rs4084097	0.2519	0.05964	41505	0.000936177469158545	1.14574663901339	0.977130803923648	-1.2476251325021	0.000173485727931836	-5.11587742840659	0.743801465743104	9.05255974820587	7.80493461570378	5.68680485487236e-52
