snp	V.df1	z.df1	r.df1	lABF.df1	V.df2	z.df2	r.df2	lABF.df2	internal.sum.lABF	SNP.PP.H4
rs2071550	0.00033856	-2.29347826086957	0.991607038030113	0.217766705539523	1.20450768157282e-06	-1.32358294714391	0.90320615715832	-0.376435240593631	-0.158668535054108	2.13977273546794e-13
rs241447	0.00031684	6.14606741573034	0.992141249165361	16.3155797378093	1.33704242820081e-06	-5.44903568738673	0.89368797906123	12.1469987765358	28.4625785143452	0.575993136296881
rs241448	0.00032041	6.09497206703911	0.992053404218856	16.0092336364146	1.33704242820081e-06	-5.44903568738673	0.89368797906123	12.1469987765358	28.1562324129504	0.424006863702675
rs9348894	0.00033856	2.32608695652174	0.991607038030113	0.29245355416242	1.20450768157282e-06	-1.32358294714391	0.90320615715832	-0.376435240593631	-0.0839816864312118	2.30570497030442e-13
