snp	V.df1	z.df1	r.df1	lABF.df1	V.df2	z.df2	r.df2	lABF.df2	internal.sum.lABF	SNP.PP.H4
rs114335056	0.01115136	2.79924242424242	0.781992893248586	2.30213978465804	4.0646445620636e-05	9.01299426214747	0.871059493944379	34.355649935823	36.657789720481	0.910901598679532
rs9270303	0.00068644	1.48091603053435	0.983128531274793	-0.96301003037978	3.18828755565173e-05	5.29018508638942	0.895967568032718	11.4057739824488	10.442763952069	3.75344822948616e-12
rs9270505	0.00041209	3.19211822660099	0.989802804061854	2.75003536446404	2.60992951733602e-05	-7.1597287255683	0.913201107074929	22.1840469318958	24.9340822963598	7.37785341897182e-06
rs9271475	0.00053824	1.30172413793103	0.98672265988854	-1.32485448995134	2.70845047584782e-05	8.99990211628247	0.910218748816527	35.6578679162653	34.333013426314	0.0890910234632979
