snp	V.df1	z.df1	r.df1	lABF.df1	V.df2	z.df2	r.df2	lABF.df2	internal.sum.lABF	SNP.PP.H4
rs2894381	0.00018225	4.71851851851852	0.995464415257981	8.38381679780111	6.65782830863047e-05	5.95456287979322	0.890273080817371	14.6782455069978	23.0620623047989	0.999999532136697
rs3104406	0.00015376	3.35483870967742	0.996170719753268	2.8233830096728	5.06238613669388e-05	3.8827891251018	0.914314339000742	5.66359008889588	8.48697309856868	4.67863301693666e-07
