snp	V.df1	z.df1	r.df1	lABF.df1	V.df2	z.df2	r.df2	lABF.df2	internal.sum.lABF	SNP.PP.H4
rs116383515	0.00149769	3.88113695090439	0.963909075420825	5.59893225364077	0.000986580205287473	-4.54654782894432	0.725142538494909	6.84899461561188	12.4479268692526	2.77999527006402e-06
rs9461807	0.00109561	5.01510574018127	0.973339974756428	10.428080829614	0.000734307932811223	-6.16533589172737	0.77995973706662	14.0666954039682	24.4947762335822	0.474159285988192
rs9461808	0.00109561	-5.03625377643505	0.973339974756428	10.5315305730086	0.000734307932811223	-6.16533589172737	0.77995973706662	14.0666954039682	24.5982259769768	0.525837934016539
