snp	V.df1	z.df1	r.df1	lABF.df1	V.df2	z.df2	r.df2	lABF.df2	internal.sum.lABF	SNP.PP.H4
rs10194375	9.93561092644138e-05	8.41039460925297	0.997522251754026	32.279534757517	1.57858954956724e-05	6.42534039915993	0.909974892894102	17.5803230432295	49.8598578007465	1.96759354049102e-09
rs1060743	0.00010751742639086	-7.21631441047067	0.99731926997007	23.0069640064767	1.70114039858513e-05	3.61259747295765	0.903659280609116	4.7268335008123	27.733797507289	4.83848608516952e-19
rs11690153	0.000149012396922421	-6.61635318920458	0.996288516503239	19.0086657620424	2.33870713635012e-05	4.23812670490221	0.872167635750358	6.80429678270717	25.8129625447496	7.08763707980746e-20
rs11694743	9.41083309097904e-05	-7.69580957762442	0.997652813971243	26.5159668605465	1.45039076547743e-05	5.54681559575668	0.916676740393155	12.8592576901966	39.3752245507431	5.50195485880596e-14
rs34779859	0.000110767566779236	10.9027003910722	0.997238458062543	56.324324174798	1.68074608831469e-05	5.37420514511394	0.904704206182746	11.8894852529014	68.2138094276994	0.184058255225021
rs35103166	9.68346262268538e-05	-10.0044249623516	0.997584980781413	46.9103775484466	1.46866733401485e-05	4.63287648242044	0.915715269058939	8.59047043500936	55.500847983456	5.54352865712334e-07
rs56368748	0.000114068669677626	11.2855801710909	0.997156392421399	60.5697319471651	1.68502106600886e-05	4.77407188809171	0.90448497272593	9.13316744794438	69.7028993951095	0.815941188454463
rs58402148	0.000148128233367134	7.21565575045157	0.996310457301867	23.135668285861	2.28680007353201e-05	4.7047936570398	0.87464919893741	8.64189693067694	31.7775652165379	2.75991367685835e-17
rs72846701	0.00014896812258764	7.12871780393132	0.996289615161894	22.5167206111615	2.27110714233228e-05	4.64603163268471	0.87540222608539	8.40671322358003	30.9234338347415	1.17476487471067e-17
