snp	pvalues.df1	MAF.df1	N.df1	V.df1	z.df1	r.df1	lABF.df1	V.df2	z.df2	r.df2	lABF.df2	internal.sum.lABF	SNP.PP.H4
rs116383515	1.542e-18	0.06064	41505	0.000921719363483157	8.78656680484851	0.977476035273687	35.8358230483381	5.43176777778278e-05	-4.43556580568594	0.730842258665382	6.5331556311863	42.3689786795244	4.76816198378625e-199
rs11759423	2.508e-31	0.07356	41505	0.000770426031388111	11.6424189465703	0.981103311729071	64.5078906775299	4.80894910844767e-05	11.7209210713355	0.754115958809901	51.0987741110865	115.606664788616	3.05544130509693e-167
rs1800454	6.557e-31	0.1531	41505	0.000404932507990393	11.5601815680067	0.989978141705587	63.8477560350505	3.05306406132897e-05	6.22371304532845	0.828497927354883	15.1641896311711	79.0119456662216	3.91011349757196e-183
rs2647084	8.55e-121	0.3469	41505	0.000231742657706903	23.3703992596091	0.994239805626155	268.936350048681	1.57843368938191e-05	6.40449832456736	0.903325357853906	17.3579164808084	286.294266529489	4.10920218827842e-93
rs9273226	2.057e-191	0.3996	41505	0.00021883853752867	29.5113805809093	0.994558805139923	430.484486573589	1.28140386824392e-05	12.3178394236047	0.920063375777071	68.5369647094545	499.021451283044	1
rs9378124	1.82e-120	0.3479	41505	0.000231430896636694	23.338109095053	0.994247510181	268.188010160428	1.57843368938191e-05	6.40449832456736	0.903325357853906	17.3579164808084	285.545926641237	1.94427470777508e-93
rs9461807	1.588e-20	0.08549	41505	0.000671562119418961	9.28693174670871	0.983488165085788	40.359662741199	4.08018443204047e-05	-5.26213935815182	0.783303502197524	10.0802515482108	50.4399142894098	1.52585687911654e-195
rs9461808	1.571e-20	0.08549	41505	0.000671562119418961	9.28807762316565	0.983488165085788	40.3701293497162	4.08018443204047e-05	-5.26213935815182	0.783303502197524	10.0802515482108	50.4503808979271	1.54191129681301e-195
