snp	V.df1	z.df1	r.df1	lABF.df1	V.df2	z.df2	r.df2	lABF.df2	internal.sum.lABF	SNP.PP.H4
rs12608452	0.00124609	-1.13597733711048	0.969788893929097	-1.12404345853372	0.00010343928097742	-4.25984058306361	0.833985111585235	6.6690088406412	5.54496538210749	0.0317692463261386
rs28915400	0.00148225	0.893506493506493	0.964267849501895	-1.28093873370748	0.000132797297339645	-4.43817905553915	0.796457505424385	7.04814406757694	5.76720533386946	0.0396756907689347
rs4919835	0.00058564	-1.76859504132231	0.985570265739311	-0.577835538909253	4.19571782214198e-05	4.72454449465504	0.925288622826955	9.0297705899616	8.45193505105235	0.581417096902222
rs4919853	0.00093025	-0.918032786885246	0.977272310821458	-1.48027082486306	6.58897117519477e-05	-4.86214374313751	0.887468570366506	9.3978131732726	7.91754234840954	0.340724996992284
rs76485498	0.00159201	1.45112781954887	0.961723177119836	-0.618870511969643	0.000166484675820128	-3.73114922044109	0.757352604015024	4.56365951674195	3.9447890047723	0.00641296901042092
