snp	pvalues.df1	MAF.df1	N.df1	V.df1	z.df1	r.df1	lABF.df1	V.df2	z.df2	r.df2	lABF.df2	internal.sum.lABF	SNP.PP.H4
rs116383515	1.542e-18	0.06064	41505	0.000921719363483157	8.78656680484851	0.977476035273687	35.8358230483381	0.000542758957513823	-4.98075150702044	0.736917346880783	8.4730370968291	44.3088601451672	9.13371722928352e-05
rs9461807	1.588e-20	0.08549	41505	0.000671562119418961	9.28693174670871	0.983488165085788	40.359662741199	0.000409167943570198	-5.81616337516082	0.787939066650253	12.551664592856	52.911327334055	0.497337942167542
rs9461808	1.571e-20	0.08549	41505	0.000671562119418961	9.28807762316565	0.983488165085788	40.3701293497162	0.000409167943570198	-5.81616337516082	0.787939066650253	12.551664592856	52.9217939425722	0.502570720660162
