snp	V.df1	z.df1	r.df1	lABF.df1	V.df2	z.df2	r.df2	lABF.df2	internal.sum.lABF	SNP.PP.H4
rs116383515	0.00150544	7.33505154639175	0.963729091897351	24.2673794565953	0.000986580205287473	-4.54654782894432	0.725142538494909	6.84899461561188	31.1163740722072	1.99053686443795e-08
rs9461807	0.00110224	8.60843373493976	0.97318297007657	34.24956684754	0.000734307932811223	-6.16533589172737	0.77995973706662	14.0666954039682	48.3162622515082	0.587200951562532
rs9461808	0.00110224	-8.56626506024096	0.97318297007657	33.897160610535	0.000734307932811223	-6.16533589172737	0.77995973706662	14.0666954039682	47.9638560145032	0.412799028532096
