snp	V.df1	z.df1	r.df1	lABF.df1	V.df2	z.df2	r.df2	lABF.df2	internal.sum.lABF	SNP.PP.H4
rs116383515	0.00150544	7.33505154639175	0.963729091897351	24.2673794565953	0.000542758957513823	-4.98075150702044	0.736917346880783	8.4730370968291	32.7404165534244	4.59464797879373e-07
rs9461807	0.00110224	8.60843373493976	0.97318297007657	34.24956684754	0.000409167943570198	-5.81616337516082	0.787939066650253	12.551664592856	46.801231440396	0.587200693452815
rs9461808	0.00110224	-8.56626506024096	0.97318297007657	33.897160610535	0.000409167943570198	-5.81616337516082	0.787939066650253	12.551664592856	46.448825203391	0.41279884708239
