snp	V.df1	z.df1	r.df1	lABF.df1	V.df2	z.df2	r.df2	lABF.df2	internal.sum.lABF	SNP.PP.H4
rs1063323	0.00063001	-2.2390438247012	0.984493973789325	0.384527038719178	1.10413288792498e-06	9.35026659607469	0.910550737300291	38.5965387978559	38.981065836575	0.0918363098101932
rs1130398	0.00048841	-2.95022624434389	0.987937041736141	2.09061253675773	1.10560340655048e-06	9.40419524565556	0.910442275111557	39.0528153535607	41.1434278903184	0.798208470746562
rs2071550	0.00044521	0.540284360189573	0.988992268800187	-2.11023173136339	1.20450768157282e-06	-1.32358294714391	0.90320615715832	-0.376435240593631	-2.48666697195702	8.99097704142029e-20
rs241447	0.00037636	-1.4020618556701	0.990678704073374	-1.36399987910754	1.33704242820081e-06	-5.44903568738673	0.89368797906123	12.1469987765358	10.7829988974283	5.20894236872689e-14
rs241448	0.00037636	-1.42783505154639	0.990678704073374	-1.32787206208817	1.33704242820081e-06	-5.44903568738673	0.89368797906123	12.1469987765358	10.8191267144476	5.4005708013245e-14
rs3210168	0.00131044	-1.61602209944751	0.968278236687869	-0.46103356141478	1.14102656511429e-06	9.47862379071123	0.907837327444072	39.5899086271188	39.128875065704	0.106465073207111
rs9273505	0.00053824	-2.44827586206897	0.98672265988854	0.79638657306335	1.11761127575266e-06	8.91149447275859	0.909557567376748	34.9146151491636	35.7110017222269	0.00349014623602993
rs9348894	0.00044521	-0.5260663507109	0.988992268800187	-2.11772897739829	1.20450768157282e-06	-1.32358294714391	0.90320615715832	-0.376435240593631	-2.49416421799192	8.92382152970354e-20
