snp	V.df1	z.df1	r.df1	lABF.df1	V.df2	z.df2	r.df2	lABF.df2	internal.sum.lABF	SNP.PP.H4
rs12529697	0.00111556	-1.55988023952096	0.972867692912367	-0.619911400445068	2.73728544063284e-05	-3.01078020427896	0.774758630560356	2.76622367552063	2.14631227507556	2.34905460423107e-24
rs1265075	0.00107584	5.74085365853658	0.973808447983048	14.2259384454455	2.69490960402126e-05	10.5271269868066	0.777469632271679	42.3284029761343	56.5543414215798	0.999999865788555
rs1265109	0.00034225	5.00540540540541	0.991516338330163	10.0359598924206	9.58242579540189e-06	8.38077525448243	0.907627101929673	30.6837202937682	40.7196801861888	1.32768162401052e-07
rs1265115	0.00030625	6.13714285714286	0.992401922778725	16.249242219005	8.80848676021892e-06	6.80578788730146	0.914449476687497	19.9487537045607	36.1979959235658	1.44328274737057e-09
rs1841	0.00111556	1.58982035928144	0.972867692912367	-0.574039514892349	2.73728544063284e-05	-3.01078020427896	0.774758630560356	2.76622367552063	2.19218416062828	2.45931987144126e-24
rs2027937	0.00110889	-1.51051051051051	0.973025542650264	-0.696384468671115	2.73728544063284e-05	-3.01078020427896	0.774758630560356	2.76622367552063	2.06983920684951	2.17611218422529e-24
rs2523609	0.00029584	4.06395348837209	0.992658299218977	5.74013987353809	8.46243969524018e-06	5.65934788113613	0.91753322079197	13.4457973391107	19.1859372126488	5.9034813590865e-17
rs55898325	0.00110889	-1.51351351351351	0.973025542650264	-0.691966371648647	2.73728544063284e-05	-3.01078020427896	0.774758630560356	2.76622367552063	2.07425730387198	2.18574772869867e-24
rs56205037	0.00110889	-1.6006006006006	0.973025542650264	-0.560024532764171	2.73728544063284e-05	-3.01078020427896	0.774758630560356	2.76622367552063	2.20619914275646	2.49402985726048e-24
