snp	V.df1	z.df1	r.df1	lABF.df1	V.df2	z.df2	r.df2	lABF.df2	internal.sum.lABF	SNP.PP.H4
rs116383515	0.00149769	3.88113695090439	0.963909075420825	5.59893225364077	0.000542758957513823	-4.98075150702044	0.736917346880783	8.4730370968291	14.0719693504699	6.41652079366955e-05
rs9461807	0.00109561	5.01510574018127	0.973339974756428	10.428080829614	0.000409167943570198	-5.81616337516082	0.787939066650253	12.551664592856	22.97974542247	0.474130179538668
rs9461808	0.00109561	-5.03625377643505	0.973339974756428	10.5315305730086	0.000409167943570198	-5.81616337516082	0.787939066650253	12.551664592856	23.0831951658646	0.525805655253396
