snp	V.df1	z.df1	r.df1	lABF.df1	V.df2	z.df2	r.df2	lABF.df2	internal.sum.lABF	SNP.PP.H4
rs3210168	0.00131044	-1.61602209944751	0.968278236687869	-0.46103356141478	7.59965092828046e-05	-11.4899020030828	0.916265916145167	59.2416726562154	58.7806390948006	0.0300723311898404
rs9273505	0.00053824	-2.44827586206897	0.98672265988854	0.79638657306335	7.34153528770919e-05	-11.683346874336	0.918879168533661	61.4578685003371	62.2542550734005	0.969927666434389
rs9273526	0.00076176	2.83333333333333	0.981311896247856	1.94894285661072	0.000116678485628153	-9.6549411024182	0.87695718181263	39.8264366076632	41.7753794642739	1.23844485939428e-09
rs9273528	0.00074529	2.80586080586081	0.981708560670448	1.86376344501239	0.000116678485628153	-9.6549411024182	0.87695718181263	39.8264366076632	41.6902000526756	1.13732274970967e-09
