snp	V.df1	z.df1	r.df1	lABF.df1	V.df2	z.df2	r.df2	lABF.df2	internal.sum.lABF	SNP.PP.H4
rs1049072	0.00098596	-2.39808917197452	0.975943957394191	0.942560181359457	1.23046521041078e-05	6.46248611653428	0.864435199866431	17.0518650029231	17.9944251842825	3.94372158242628e-07
rs1063323	0.00063001	-2.2390438247012	0.984493973789325	0.384527038719178	7.51991706311099e-06	8.32777440856306	0.912539881664156	30.424867629356	30.8093946680752	0.145002930617855
rs1130398	0.00048841	-2.95022624434389	0.987937041736141	2.09061253675773	7.54331174667063e-06	8.27545311561623	0.912291655310647	30.0214222831276	32.1120348198853	0.533465342000772
rs1130399	0.00084681	-2.42268041237113	0.979268638113968	0.935796236731685	1.18559147868433e-05	6.59195305289508	0.868730115758164	17.8595819758952	18.7953782126269	8.78528242702821e-07
rs28724252	0.00103041	-2.08722741433022	0.974886675517013	0.281377452084536	1.18805728801578e-05	6.50610056526072	0.868493002494376	17.3670221696573	17.6483996217418	2.7901609407238e-07
rs3210168	0.00131044	-1.61602209944751	0.968278236687869	-0.46103356141478	7.76089149874002e-06	8.55120911038418	0.909989504770075	32.0667474253589	31.6057138639442	0.32152430810814
rs3830059	0.00100489	2.07255520504732	0.975493410663948	0.240702072031527	1.19490603328754e-05	6.4481328178842	0.867835102767786	17.0297523670788	17.2704544391103	1.9120081867351e-07
rs9273526	0.00076176	2.83333333333333	0.981311896247856	1.94894285661072	1.18278037964672e-05	6.6261366463877	0.869000590211035	18.0607526653946	20.0096955220053	2.95887783389881e-06
rs9273528	0.00074529	2.80586080586081	0.981708560670448	1.86376344501239	1.18278037964672e-05	6.6261366463877	0.869000590211035	18.0607526653946	19.924516110407	2.71727808353997e-06
