snp	pvalues.df1	MAF.df1	N.df1	V.df1	z.df1	r.df1	lABF.df1	V.df2	z.df2	r.df2	lABF.df2	internal.sum.lABF	SNP.PP.H4
rs1059091	3.707e-05	0.332	41505	0.000236742059148476	4.12502157827002	0.994116271670294	5.8900610052869	2.97196421175425e-06	9.06774414126331	0.905622655239491	36.0517241585427	41.9417851638296	6.89718189095255e-32
rs10902129	0.9628	0.4891	41505	0.000210114682540581	0.0466401898497222	0.994774581365921	-2.6260282112841	2.60126524315318e-06	4.71155908865394	0.916410523257849	8.9306831210593	6.30465490977521	2.29965485224161e-47
rs4029218	2.633e-05	0.3191	41505	0.000241646121260842	4.20308642500617	0.993995123347274	6.22233518401972	3.12903733741969e-06	7.2981870596727	0.901127833533811	22.8416629056561	29.0639980896758	1.76165075314137e-37
rs6421983	2.375e-08	0.4513	41505	0.000212026269975806	5.58219637036796	0.994727292065505	12.8757013489	2.40077140464402e-06	-14.8788611531202	0.922352967954503	100.817693884164	113.693395233064	1
rs7102856	2.637e-05	0.3201	41505	0.000241245516928117	4.20274293385617	0.994005018636249	6.2201629621719	3.08995535821444e-06	7.37241827640462	0.902242032907794	23.3569478739439	29.5771108361158	2.94280745928849e-37
rs7395116	0.2931	0.2584	41505	0.000273985599027542	1.05134536250135	0.993196958409943	-1.94628899446672	3.21550978862113e-06	10.0370770392192	0.898672319391021	44.1227369377228	42.1764479432561	8.72136433398575e-32
rs7480418	2.644e-05	0.3201	41505	0.000241245516928117	4.20214301491841	0.994005018636249	6.21765695114484	3.09920950895879e-06	7.41663028200133	0.901977954769673	23.6460007861238	29.8636577372687	3.9192916854354e-37
