snp	V.df1	z.df1	r.df1	lABF.df1	V.df2	z.df2	r.df2	lABF.df2	internal.sum.lABF	SNP.PP.H4
rs1050420	0.00031684	3.53932584269663	0.992141249165361	3.7911272966349	5.7043884062535e-05	9.92848287802852	0.914161443402378	43.8289845478969	47.6201118445318	0.999999999937572
rs1050723	0.00058081	5.01244813278008	0.985687570060824	10.2592073972461	0.000111231721172586	5.54873207997593	0.845239880928267	12.0788639897178	22.3380713869638	1.04748867919436e-11
rs116583816	0.00054289	4.87982832618026	0.98660948935806	9.59032548415761	0.000110789337728833	5.64516433972739	0.845760447929021	12.5416722342395	22.1319977183971	8.52418135424893e-12
rs17199328	0.00058081	-4.94605809128631	0.985687570060824	9.93336587686647	0.000111030089653936	5.58055071609475	0.845477067802327	12.2314479800601	22.1648138569265	8.80855253295647e-12
rs2768	0.00039204	-2.98989898989899	0.990294127258737	2.10885311005636	7.94966377657849e-05	6.24726328096141	0.884284581298491	16.1777506050758	18.2866037151322	1.82229752158377e-13
rs2769	0.00060025	5.21632653061224	0.985215608278274	11.2967974917382	0.000111030089653936	5.58055071609475	0.845477067802327	12.2314479800601	23.5282454717983	3.44377980998471e-11
rs35267732	0.00117649	-3.77551020408163	0.971428113469604	5.14593398003635	0.000207987622092593	3.62072642094594	0.744954504415984	4.19989339755656	9.34582737759291	2.38610448575671e-17
