snp	pvalues.df1	MAF.df1	N.df1	V.df1	z.df1	r.df1	lABF.df1	V.df2	z.df2	r.df2	lABF.df2	internal.sum.lABF	SNP.PP.H4
rs3823342	2.754e-73	0.4811	41505	0.000210315334601542	18.1080359745273	0.994769617376749	160.466324245664	3.53476818770887e-05	5.32182289441385	0.913973517460894	11.7161370428261	172.182461288491	0.995313854068502
rs4084097	0.2519	0.05964	41505	0.000936177469158545	1.14574663901339	0.977130803923648	-1.2476251325021	0.000132833735088216	-4.79861159192851	0.738711249020418	7.83396668514532	6.58634155264323	1.20359125420872e-72
rs41560714	4.181e-70	0.4791	41505	0.000210382416211752	17.7001623776093	0.994767957836508	153.201809011728	3.49671981506968e-05	5.69855028733201	0.914820634205097	13.6222046397383	166.824013651466	0.00468614593150482
