snp	V.df1	z.df1	r.df1	lABF.df1	V.df2	z.df2	r.df2	lABF.df2	internal.sum.lABF	SNP.PP.H4
rs1130399	0.00055225	14.4595744680851	0.986381766733042	100.967828750554	0.000295105692238693	16.3787822610968	0.890479011284726	118.33613754684	219.303966297394	1
rs116383515	0.00150544	7.33505154639175	0.963729091897351	24.2673794565953	0.000843890219723639	-4.84815358441967	0.73980484454036	8.02124428526088	32.2886237418562	6.0293250349638e-82
rs9461807	0.00110224	8.60843373493976	0.97318297007657	34.24956684754	0.000628119431737691	-6.3929173080144	0.792530486673087	15.4087340129188	49.6583008604587	2.10777195613154e-74
rs9461808	0.00110224	-8.56626506024096	0.97318297007657	33.897160610535	0.000628119431737691	-6.3929173080144	0.792530486673087	15.4087340129188	49.3058946234538	1.48175205360792e-74
