snp	V.df1	z.df1	r.df1	lABF.df1	V.df2	z.df2	r.df2	lABF.df2	internal.sum.lABF	SNP.PP.H4
rs114335056	0.01115136	2.79924242424242	0.781992893248586	2.30213978465804	5.69665326404389e-06	6.8463076455436	0.863778411324847	19.2467437194597	21.5488835041178	0.999910366104017
rs9270493	0.00068644	-1.38549618320611	0.983128531274793	-1.09745905851541	5.29426777468008e-06	-5.29130094400469	0.872170495993368	11.1809272469959	10.0834681884805	1.04856284903627e-05
rs9270505	0.00041209	3.19211822660099	0.989802804061854	2.75003536446404	3.63832197090172e-06	-4.81935469963859	0.908494491894237	9.35475011678696	12.104785481251	7.91482674933037e-05
