nsnps	766
PP.H0.abf	8.75714037744802e-123
PP.H1.abf	2.71858036220691e-113
PP.H2.abf	4.51065428263326e-11
PP.H3.abf	0.139168626016642
PP.H4.abf	0.860831373938259
