nsnps	142
PP.H0.abf	1.85178768266188e-32
PP.H1.abf	4.42030084727129e-08
PP.H2.abf	4.18927955299515e-25
PP.H3.abf	0.999999953066508
PP.H4.abf	2.730490772363e-09
