nsnps	612
PP.H0.abf	1.30747086286168e-21
PP.H1.abf	6.34205261184058e-21
PP.H2.abf	0.000383728946429483
PP.H3.abf	0.000862572037616846
PP.H4.abf	0.998753699015955
