nsnps	40
PP.H0.abf	7.4674812044889e-11
PP.H1.abf	1.65587171131181e-06
PP.H2.abf	4.50694653730437e-05
PP.H3.abf	0.999389333556246
PP.H4.abf	0.000563941031993802
