nsnps	47
PP.H0.abf	8.61532928604027e-10
PP.H1.abf	5.67768046315578e-06
PP.H2.abf	6.43680735656745e-06
PP.H3.abf	0.0414613673254993
PP.H4.abf	0.958526517325149
