nsnps	9
PP.H0.abf	8.35458691651745e-08
PP.H1.abf	5.14691678095543e-06
PP.H2.abf	0.01286746405482
PP.H3.abf	0.792516834557653
PP.H4.abf	0.194610470924879
