nsnps	135
PP.H0.abf	2.08375548292655e-25
PP.H1.abf	9.23229771975381e-16
PP.H2.abf	2.25700693374051e-10
PP.H3.abf	0.999990639185946
PP.H4.abf	9.36058835450765e-06
