nsnps	465
PP.H0.abf	1.21822835652681e-12
PP.H1.abf	1.74784602695661e-14
PP.H2.abf	0.963771239439832
PP.H3.abf	0.0138052280956154
PP.H4.abf	0.0224235324633175
