nsnps	157
PP.H0.abf	1.53205375211886e-09
PP.H1.abf	2.00319204587389e-10
PP.H2.abf	0.478706776990938
PP.H3.abf	0.0621327431445665
PP.H4.abf	0.459160478132122
