nsnps	159
PP.H0.abf	4.81564265696369e-08
PP.H1.abf	8.76808030142297e-07
PP.H2.abf	0.00521225039300286
PP.H3.abf	0.0940012519172985
PP.H4.abf	0.900785572725243
