nsnps	374
PP.H0.abf	3.97411204592017e-12
PP.H1.abf	0.000261471695552046
PP.H2.abf	1.51643780587917e-08
PP.H3.abf	0.997719131206933
PP.H4.abf	0.00201938192916101
