nsnps	437
PP.H0.abf	1.05692999613218e-11
PP.H1.abf	9.78162031990474e-09
PP.H2.abf	0.000156826042578583
PP.H3.abf	0.144282983563128
PP.H4.abf	0.855560180602103
