nsnps	142
PP.H0.abf	4.29213822411168e-235
PP.H1.abf	4.42030084902194e-08
PP.H2.abf	9.71005859324666e-228
PP.H3.abf	0.999999953462863
PP.H4.abf	2.33410302791977e-09
