nsnps	213
PP.H0.abf	1.61967403114348e-195
PP.H1.abf	2.6399846130855e-179
PP.H2.abf	2.2962093315987e-17
PP.H3.abf	0.37364384805477
PP.H4.abf	0.626356151945254
