nsnps	168
PP.H0.abf	3.9987254595544e-10
PP.H1.abf	6.93467870777432e-05
PP.H2.abf	8.01940231156178e-07
PP.H3.abf	0.138212542781925
PP.H4.abf	0.861717308090894
