nsnps	75
PP.H0.abf	3.21498321369281e-34
PP.H1.abf	6.76337436298535e-29
PP.H2.abf	3.11591129752589e-06
PP.H3.abf	0.655150787512558
PP.H4.abf	0.344846096576141
