nsnps	368
PP.H0.abf	2.31624850176477e-14
PP.H1.abf	6.56325982091674e-07
PP.H2.abf	3.52910967673305e-08
PP.H3.abf	0.99999908135955
PP.H4.abf	2.27023349054325e-07
