nsnps	198
PP.H0.abf	1.02588229637444e-08
PP.H1.abf	8.49429289620871e-08
PP.H2.abf	0.00905240896688927
PP.H3.abf	0.0740369252181256
PP.H4.abf	0.916910570613233
