nsnps	183
PP.H0.abf	7.21089825579401e-12
PP.H1.abf	6.53770604332048e-09
PP.H2.abf	0.000197494336885813
PP.H3.abf	0.178235170678159
PP.H4.abf	0.821567328440039
