nsnps	171
PP.H0.abf	1.6142572944608e-16
PP.H1.abf	4.0664124211841e-12
PP.H2.abf	4.66698667873361e-06
PP.H3.abf	0.116680921878985
PP.H4.abf	0.883314411130269
