nsnps	598
PP.H0.abf	1.35123591450797e-09
PP.H1.abf	1.44945069382652e-08
PP.H2.abf	0.0843127623777543
PP.H3.abf	0.904399189922077
PP.H4.abf	0.011288031854427
