nsnps	3
PP.H0.abf	1.39899229978828e-35
PP.H1.abf	0.0515336474233114
PP.H2.abf	1.85316709231006e-34
PP.H3.abf	0.682371397517505
PP.H4.abf	0.266094955059188
