nsnps	106
PP.H0.abf	0
PP.H1.abf	5.66302399306189e-120
PP.H2.abf	4.10220627673448e-215
PP.H3.abf	1
PP.H4.abf	4.07432554388506e-74
