nsnps	37
PP.H0.abf	1.25944901132717e-46
PP.H1.abf	7.94538005260599e-30
PP.H2.abf	1.58513375444399e-17
PP.H3.abf	1
PP.H4.abf	1.23060896469131e-18
