nsnps	313
PP.H0.abf	1.51619143435842e-34
PP.H1.abf	9.46785165212199e-37
PP.H2.abf	0.955615288679058
PP.H3.abf	0.00592888020883964
PP.H4.abf	0.0384558311121069
