nsnps	52
PP.H0.abf	3.89193694293067e-08
PP.H1.abf	0.00168448132062371
PP.H2.abf	6.76017548420556e-06
PP.H3.abf	0.291882829646864
PP.H4.abf	0.706425889937658
