nsnps	399
PP.H0.abf	2.60556761936854e-10
PP.H1.abf	3.65386384471933e-05
PP.H2.abf	1.54732974190972e-07
PP.H3.abf	0.0207194146185717
PP.H4.abf	0.979243891749449
