nsnps	10
PP.H0.abf	7.02598127138119e-29
PP.H1.abf	9.51853050569049e-32
PP.H2.abf	0.948443484471633
PP.H3.abf	0.00123459300838645
PP.H4.abf	0.0503219225199786
