nsnps	573
PP.H0.abf	7.11695811969736e-23
PP.H1.abf	7.61603688277727e-16
PP.H2.abf	9.30444208374225e-08
PP.H3.abf	0.995687567416247
PP.H4.abf	0.00431233953933248
