nsnps	166
PP.H0.abf	7.36784683309218e-09
PP.H1.abf	2.12014311665391e-11
PP.H2.abf	0.983079187889175
PP.H3.abf	0.00281476461986838
PP.H4.abf	0.0141060401019062
