nsnps	323
PP.H0.abf	2.49011790458335e-14
PP.H1.abf	2.17694919000951e-08
PP.H2.abf	2.89749699706054e-08
PP.H3.abf	0.024355299435984
PP.H4.abf	0.975644649819529
