nsnps	186
PP.H0.abf	2.52406007766069e-57
PP.H1.abf	2.73941566754088e-59
PP.H2.abf	0.96987191222444
PP.H3.abf	0.0105066030507776
PP.H4.abf	0.0196214847247801
