nsnps	508
PP.H0.abf	8.74214249319377e-25
PP.H1.abf	2.81666761821213e-17
PP.H2.abf	2.96138137715305e-08
PP.H3.abf	0.954094001576453
PP.H4.abf	0.0459059688097361
