nsnps	251
PP.H0.abf	4.04254728973836e-19
PP.H1.abf	4.52029872958473e-08
PP.H2.abf	8.91637403909337e-12
PP.H3.abf	0.997008827230783
PP.H4.abf	0.00299112755731634
