nsnps	319
PP.H0.abf	7.21042425223835e-11
PP.H1.abf	6.0810640808652e-10
PP.H2.abf	0.101365136715613
PP.H3.abf	0.854840565304645
PP.H4.abf	0.0437942972995315
