nsnps	260
PP.H0.abf	5.23221055759482e-48
PP.H1.abf	9.35808710588208e-35
PP.H2.abf	5.53394352756072e-14
PP.H3.abf	0.98976502348999
PP.H4.abf	0.0102349765099586
