nsnps	703
PP.H0.abf	0.0102378699388956
PP.H1.abf	0.000418188959490657
PP.H2.abf	0.89825309131019
PP.H3.abf	0.0366367255700185
PP.H4.abf	0.0544541242214051
