nsnps	169
PP.H0.abf	1.00174923360871e-37
PP.H1.abf	5.36147457813267e-38
PP.H2.abf	0.63849629315444
PP.H3.abf	0.341710604998625
PP.H4.abf	0.0197931018469418
