nsnps	212
PP.H0.abf	1.38937802759298e-84
PP.H1.abf	3.63984846619322e-82
PP.H2.abf	6.99210593183089e-06
PP.H3.abf	0.000832609324716518
PP.H4.abf	0.999160398569341
