nsnps	430
PP.H0.abf	4.14734093322113e-20
PP.H1.abf	6.61633594000961e-06
PP.H2.abf	6.26625508274684e-15
PP.H3.abf	0.999667880723966
PP.H4.abf	0.000325502940087149
