nsnps	113
PP.H0.abf	2.24695256238443e-08
PP.H1.abf	2.7532320118582e-09
PP.H2.abf	0.876973229638599
PP.H3.abf	0.107441546286889
PP.H4.abf	0.0155851988517551
