nsnps	4
PP.H0.abf	3.18132860804239e-50
PP.H1.abf	2.04609570408103e-09
PP.H2.abf	1.56370958454681e-44
PP.H3.abf	5.71743857060534e-06
PP.H4.abf	0.999994280515338
