nsnps	70
PP.H0.abf	9.91903331978116e-35
PP.H1.abf	1.12385680401849e-36
PP.H2.abf	0.497525682820044
PP.H3.abf	0.00513978357846454
PP.H4.abf	0.497334533601499
