nsnps	159
PP.H0.abf	1.93179383364585e-12
PP.H1.abf	3.5173131948873e-11
PP.H2.abf	0.00911010764369873
PP.H3.abf	0.165046421280685
PP.H4.abf	0.825843471038509
