nsnps	57
PP.H0.abf	1.60166787802324e-10
PP.H1.abf	3.27385476864243e-08
PP.H2.abf	0.00486638822923267
PP.H3.abf	0.994703186314904
PP.H4.abf	0.00043039255714732
