nsnps	80
PP.H0.abf	2.30666831791256e-57
PP.H1.abf	1.63213480728798e-17
PP.H2.abf	1.41328358052568e-43
PP.H3.abf	4.36750876510891e-10
PP.H4.abf	0.999999999563244
