nsnps	126
PP.H0.abf	1.82969170822743e-29
PP.H1.abf	2.34464370034473e-18
PP.H2.abf	7.80370895879708e-12
PP.H3.abf	0.999999998210654
PP.H4.abf	1.78153980983902e-09
