nsnps	3
PP.H0.abf	1.64863711590399e-70
PP.H1.abf	8.07361615928402e-05
PP.H2.abf	1.5650312378525e-68
PP.H3.abf	0.00667093766710678
PP.H4.abf	0.993248326171297
