nsnps	649
PP.H0.abf	7.19092245633691e-68
PP.H1.abf	8.53724879217194e-35
PP.H2.abf	8.42299742139821e-34
PP.H3.abf	0.999999999985107
PP.H4.abf	1.48822825749887e-11
