nsnps	587
PP.H0.abf	8.96010268197898e-20
PP.H1.abf	1.42942309248662e-05
PP.H2.abf	6.26822566558903e-15
PP.H3.abf	0.99998256774601
PP.H4.abf	3.13802306167451e-06
