nsnps	142
PP.H0.abf	1.4421088962511e-39
PP.H1.abf	2.82511551005208e-32
PP.H2.abf	3.64449451319495e-09
PP.H3.abf	0.070466725376983
PP.H4.abf	0.929533270978527
