nsnps	81
PP.H0.abf	1.15016791965603e-08
PP.H1.abf	0.000211459079409654
PP.H2.abf	3.82972748387667e-05
PP.H3.abf	0.703801804857815
PP.H4.abf	0.295948427286256
