nsnps	113
PP.H0.abf	1.10442345541982e-20
PP.H1.abf	2.58189707127373e-20
PP.H2.abf	0.283478391969887
PP.H3.abf	0.662655737411228
PP.H4.abf	0.0538658706188883
