nsnps	124
PP.H0.abf	3.14179616522493e-29
PP.H1.abf	1.11215883776836e-19
PP.H2.abf	7.04548451231982e-13
PP.H3.abf	0.00149551404824484
PP.H4.abf	0.998504485951044
