nsnps	142
PP.H0.abf	9.58906406499884e-12
PP.H1.abf	7.71736727557065e-10
PP.H2.abf	0.000216932375109631
PP.H3.abf	0.0164756103412597
PP.H4.abf	0.983307456502304
