nsnps	145
PP.H0.abf	5.88375986455334e-31
PP.H1.abf	1.22152869388775e-25
PP.H2.abf	4.72884561628187e-06
PP.H3.abf	0.981738433140716
PP.H4.abf	0.0182568380136705
