nsnps	364
PP.H0.abf	1.00788727199647e-13
PP.H1.abf	7.25904820229383e-06
PP.H2.abf	1.37780436150946e-08
PP.H3.abf	0.992320393653095
PP.H4.abf	0.007672333520559
