nsnps	61
PP.H0.abf	5.79646725403801e-14
PP.H1.abf	9.01460630223748e-09
PP.H2.abf	7.97311312781217e-07
PP.H3.abf	0.123120156917096
PP.H4.abf	0.876879036756927
