nsnps	610
PP.H0.abf	2.9153884239414e-42
PP.H1.abf	6.14772112360003e-40
PP.H2.abf	0.00264543457085625
PP.H3.abf	0.55740661063062
PP.H4.abf	0.439947954798519
