nsnps	9
PP.H0.abf	7.77811820595941e-11
PP.H1.abf	2.44011396016942e-13
PP.H2.abf	0.868623942320554
PP.H3.abf	0.00259622556344423
PP.H4.abf	0.128779832037975
