nsnps	398
PP.H0.abf	6.55940992246422e-29
PP.H1.abf	1.24134672480142e-24
PP.H2.abf	1.72660436044078e-06
PP.H3.abf	0.0317071277288378
PP.H4.abf	0.968291145666796
