nsnps	64
PP.H0.abf	5.78484942730448e-21
PP.H1.abf	1.03455879025865e-23
PP.H2.abf	0.986717623414831
PP.H3.abf	0.00175311025218009
PP.H4.abf	0.0115292663329889
