nsnps	610
PP.H0.abf	3.646911034178e-26
PP.H1.abf	7.69029327844947e-24
PP.H2.abf	2.51922960736642e-05
PP.H3.abf	0.00431667725004649
PP.H4.abf	0.995658130453878
