nsnps	380
PP.H0.abf	1.64991398857486e-26
PP.H1.abf	2.95096740950785e-13
PP.H2.abf	2.76986898705331e-15
PP.H3.abf	0.0485893118343529
PP.H4.abf	0.951410688165348
