nsnps	41
PP.H0.abf	3.16260774104177e-16
PP.H1.abf	1.98652347922802e-07
PP.H2.abf	1.87367773398967e-10
PP.H3.abf	0.116807812266069
PP.H4.abf	0.883191988894215
