nsnps	27
PP.H0.abf	3.26299953481111e-15
PP.H1.abf	2.7556014161965e-08
PP.H2.abf	1.91935351028156e-09
PP.H3.abf	0.0152241546319622
PP.H4.abf	0.984775815892666
