nsnps	52
PP.H0.abf	1.05398277829889e-07
PP.H1.abf	2.67284349240581e-10
PP.H2.abf	0.845862797954617
PP.H3.abf	0.00199291826648387
PP.H4.abf	0.152144178113338
