nsnps	23
PP.H0.abf	1.07847338639179e-43
PP.H1.abf	8.07194699160676e-47
PP.H2.abf	0.96136468220669
PP.H3.abf	0.000681589735164256
PP.H4.abf	0.0379537280581392
