nsnps	550
PP.H0.abf	5.06269972904569e-27
PP.H1.abf	2.60399905608044e-28
PP.H2.abf	0.899305764927169
PP.H3.abf	0.046201289311336
PP.H4.abf	0.0544929457614973
