nsnps	142
PP.H0.abf	2.18526066860447e-31
PP.H1.abf	5.21631592832271e-07
PP.H2.abf	4.18927742146966e-25
PP.H3.abf	0.999999444230338
PP.H4.abf	3.41380704483576e-08
