nsnps	41
PP.H0.abf	5.30570073562154e-76
PP.H1.abf	1.1141402331115e-78
PP.H2.abf	0.942853247668422
PP.H3.abf	0.00192466858384026
PP.H4.abf	0.0552220837477441
