nsnps	361
PP.H0.abf	6.7125217198243e-40
PP.H1.abf	4.20771551182388e-38
PP.H2.abf	0.000469694322311942
PP.H3.abf	0.0284715287974856
PP.H4.abf	0.971058776880196
