nsnps	502
PP.H0.abf	2.86088588810394e-21
PP.H1.abf	5.96967452982404e-23
PP.H2.abf	0.959860856236648
PP.H3.abf	0.0200088296996076
PP.H4.abf	0.0201303140637444
