nsnps	260
PP.H0.abf	7.48368877573522e-32
PP.H1.abf	8.65817507511562e-27
PP.H2.abf	4.93541590127446e-07
PP.H3.abf	0.056155931980453
PP.H4.abf	0.943843574477953
