nsnps	79
PP.H0.abf	3.10744293164984e-12
PP.H1.abf	6.53714143920167e-07
PP.H2.abf	4.68950835470274e-06
PP.H3.abf	0.98652047251427
PP.H4.abf	0.0134741842601255
