nsnps	133
PP.H0.abf	8.79013843509409e-114
PP.H1.abf	2.28012240747029e-116
PP.H2.abf	0.988534333912272
PP.H3.abf	0.00255530327494776
PP.H4.abf	0.00891036281278499
