nsnps	98
PP.H0.abf	1.70087538415032e-21
PP.H1.abf	7.41405837588681e-18
PP.H2.abf	1.16531761059705e-05
PP.H3.abf	0.0498456585322162
PP.H4.abf	0.950142688291678
