nsnps	354
PP.H0.abf	4.316128264793e-282
PP.H1.abf	1.2454606550832e-276
PP.H2.abf	7.61134235049686e-07
PP.H3.abf	0.218851514892592
PP.H4.abf	0.781147723973225
