nsnps	986
PP.H0.abf	2.59509546460284e-24
PP.H1.abf	8.47877785074352e-26
PP.H2.abf	0.950158550907602
PP.H3.abf	0.0310250638342422
PP.H4.abf	0.0188163852581545
