nsnps	24
PP.H0.abf	4.35769620005005e-13
PP.H1.abf	0.80090502677163
PP.H2.abf	1.34892130488377e-15
PP.H3.abf	0.00228238238789286
PP.H4.abf	0.196812590840042
