nsnps	143
PP.H0.abf	2.83338877885969e-68
PP.H1.abf	2.78903521260241e-70
PP.H2.abf	0.971494376370815
PP.H3.abf	0.00954390535015727
PP.H4.abf	0.0189617182790203
