nsnps	313
PP.H0.abf	1.23633951038868e-51
PP.H1.abf	7.72031737599829e-54
PP.H2.abf	0.954672007717345
PP.H3.abf	0.00592203977306013
PP.H4.abf	0.0394059525095989
