nsnps	125
PP.H0.abf	6.2260187814296e-42
PP.H1.abf	4.68211186119005e-38
PP.H2.abf	0.000132956571038807
PP.H3.abf	0.999864533943162
PP.H4.abf	2.50948579873735e-06
