nsnps	38
PP.H0.abf	5.03848915216488e-62
PP.H1.abf	5.64043493396168e-62
PP.H2.abf	0.0325696593805002
PP.H3.abf	0.0355288388131894
PP.H4.abf	0.931901501806297
