nsnps	552
PP.H0.abf	5.37953340095744e-10
PP.H1.abf	0.000134342848795795
PP.H2.abf	3.79738900123392e-06
PP.H3.abf	0.948268676230686
PP.H4.abf	0.0515931829935647
