nsnps	299
PP.H0.abf	8.84832522409281e-08
PP.H1.abf	6.61304686972323e-06
PP.H2.abf	0.000587384805232372
PP.H3.abf	0.0429434072337568
PP.H4.abf	0.956462506430889
