nsnps	182
PP.H0.abf	7.80552778827551e-26
PP.H1.abf	8.62773175379588e-14
PP.H2.abf	4.45221845242895e-14
PP.H3.abf	0.0482602386708732
PP.H4.abf	0.951739761328999
