nsnps	23
PP.H0.abf	7.96980161323345e-20
PP.H1.abf	3.29295273133255e-18
PP.H2.abf	0.0236110323984664
PP.H3.abf	0.97555687183768
PP.H4.abf	0.000832095763855426
