nsnps	205
PP.H0.abf	3.48859141175281e-37
PP.H1.abf	6.23952132897741e-24
PP.H2.abf	5.50896155318179e-14
PP.H3.abf	0.985290792485618
PP.H4.abf	0.0147092075143236
