nsnps	8
PP.H0.abf	2.5023525319511e-14
PP.H1.abf	3.29537927917972e-17
PP.H2.abf	0.76769661827427
PP.H3.abf	0.000779465341226175
PP.H4.abf	0.231523916384478
