nsnps	399
PP.H0.abf	2.86613620929545e-14
PP.H1.abf	1.79262320332983e-12
PP.H2.abf	0.000367152779293406
PP.H3.abf	0.0219859020024515
PP.H4.abf	0.977646945216433
