nsnps	321
PP.H0.abf	3.43386932593021e-23
PP.H1.abf	2.94787088565758e-15
PP.H2.abf	1.16486286705642e-08
PP.H3.abf	0.999998835625678
PP.H4.abf	1.15272568969994e-06
