nsnps	17
PP.H0.abf	8.42193070574772e-44
PP.H1.abf	1.15054248371071e-41
PP.H2.abf	2.55443548397594e-05
PP.H3.abf	0.00249220039460395
PP.H4.abf	0.997482255250554
