nsnps	222
PP.H0.abf	6.2178004211323e-24
PP.H1.abf	4.81539943672958e-26
PP.H2.abf	0.981878256016991
PP.H3.abf	0.00759366581794623
PP.H4.abf	0.0105280781650622
