nsnps	610
PP.H0.abf	1.11144705005873e-46
PP.H1.abf	2.34372423629625e-44
PP.H2.abf	0.00277452033358034
PP.H3.abf	0.584654486368131
PP.H4.abf	0.412570993298289
