nsnps	444
PP.H0.abf	7.76021064003289e-32
PP.H1.abf	1.23800192427854e-17
PP.H2.abf	6.26833445381291e-15
PP.H3.abf	0.999999932383818
PP.H4.abf	6.76161787513034e-08
