nsnps	62
PP.H0.abf	4.59156484586972e-09
PP.H1.abf	2.96490629516088e-05
PP.H2.abf	6.47711481084338e-06
PP.H3.abf	0.0408655063673172
PP.H4.abf	0.959098362863356
