nsnps	147
PP.H0.abf	6.04267993586094e-39
PP.H1.abf	8.96964319757696e-40
PP.H2.abf	0.48523502840308
PP.H3.abf	0.0715842163258167
PP.H4.abf	0.443180755271101
