nsnps	86
PP.H0.abf	2.20409925093939e-17
PP.H1.abf	7.77149081450155e-20
PP.H2.abf	0.845725393353605
PP.H3.abf	0.00283052105197232
PP.H4.abf	0.151444085594426
