nsnps	2
PP.H0.abf	9.62219503687206e-06
PP.H1.abf	4.22656059751015e-06
PP.H2.abf	0.00228038405960579
PP.H3.abf	3.95959883815223e-06
PP.H4.abf	0.997701807585922
