nsnps	496
PP.H0.abf	1.89556129965575e-24
PP.H1.abf	7.12714972726603e-10
PP.H2.abf	1.23860449121455e-15
PP.H3.abf	0.465169954250438
PP.H4.abf	0.534830045036844
