nsnps	864
PP.H0.abf	3.84341297446758e-20
PP.H1.abf	6.6858669429959e-12
PP.H2.abf	5.73316603553842e-09
PP.H3.abf	0.997318853921175
PP.H4.abf	0.00268114033897632
