nsnps	393
PP.H0.abf	5.95625308990674e-23
PP.H1.abf	1.86440247406609e-23
PP.H2.abf	0.626906806784187
PP.H3.abf	0.196054818118364
PP.H4.abf	0.177038375097446
