nsnps	354
PP.H0.abf	4.29094327691896e-227
PP.H1.abf	1.23819328266703e-221
PP.H2.abf	1.62567218237935e-06
PP.H3.abf	0.468572042564727
PP.H4.abf	0.531426331763074
