nsnps	444
PP.H0.abf	8.81590706337283e-41
PP.H1.abf	1.40641928614841e-26
PP.H2.abf	6.2683348771553e-15
PP.H3.abf	0.999999999988091
PP.H4.abf	1.19011201433968e-11
