nsnps	106
PP.H0.abf	0
PP.H1.abf	3.23259580689878e-124
PP.H2.abf	4.10220627673448e-215
PP.H3.abf	1
PP.H4.abf	1.62786044040308e-76
