nsnps	126
PP.H0.abf	1.07405562662365e-26
PP.H1.abf	7.60130360053475e-21
PP.H2.abf	1.41292726587913e-06
PP.H3.abf	0.999956463591489
PP.H4.abf	4.2123481246025e-05
