nsnps	106
PP.H0.abf	2.57066500993418e-269
PP.H1.abf	6.26654252984244e-55
PP.H2.abf	4.10220627673448e-215
PP.H3.abf	1
PP.H4.abf	3.43416309233457e-33
