nsnps	456
PP.H0.abf	1.28828088223644e-20
PP.H1.abf	7.00808380883835e-17
PP.H2.abf	1.16465260506287e-05
PP.H3.abf	0.0624180470671388
PP.H4.abf	0.937570306406808
