nsnps	32
PP.H0.abf	1.21979251732476e-114
PP.H1.abf	5.80575149686754e-117
PP.H2.abf	0.565308804356825
PP.H3.abf	0.002258223340531
PP.H4.abf	0.43243297230262
