nsnps	445
PP.H0.abf	8.35222351418129e-08
PP.H1.abf	1.09610871137034e-09
PP.H2.abf	0.792536449247476
PP.H3.abf	0.0102036364660751
PP.H4.abf	0.197259829668106
