nsnps	557
PP.H0.abf	4.97263857407473e-16
PP.H1.abf	1.26980047740332e-11
PP.H2.abf	4.60498737244389e-06
PP.H3.abf	0.116708512256882
PP.H4.abf	0.883286882743046
