nsnps	28
PP.H0.abf	6.30262447229932e-60
PP.H1.abf	6.51064532176683e-59
PP.H2.abf	0.0881199453386404
PP.H3.abf	0.910282225036425
PP.H4.abf	0.00159782962493701
