nsnps	374
PP.H0.abf	8.61379658535536e-137
PP.H1.abf	1.13819473238548e-138
PP.H2.abf	0.978007437311767
PP.H3.abf	0.0129139443756909
PP.H4.abf	0.00907861831254237
