nsnps	142
PP.H0.abf	3.98459692506851e-17
PP.H1.abf	7.80589219273282e-10
PP.H2.abf	5.37305505137695e-09
PP.H3.abf	0.104363412867155
PP.H4.abf	0.895636580979201
