nsnps	605
PP.H0.abf	1.9612125534773e-70
PP.H1.abf	5.24700589202605e-67
PP.H2.abf	0.000373619490415327
PP.H3.abf	0.999577311431265
PP.H4.abf	4.90690783159672e-05
