nsnps	48
PP.H0.abf	4.90873776026868e-67
PP.H1.abf	2.63078380582803e-64
PP.H2.abf	0.0018623465923608
PP.H3.abf	0.998104060636429
PP.H4.abf	3.3592771216958e-05
