nsnps	17
PP.H0.abf	3.71417777193348e-05
PP.H1.abf	2.34107929527869e-06
PP.H2.abf	0.913489895112949
PP.H3.abf	0.0575491593727672
PP.H4.abf	0.0289214626572699
