nsnps	92
PP.H0.abf	1.85955972082645e-21
PP.H1.abf	5.12910051315413e-21
PP.H2.abf	0.0511020459904216
PP.H3.abf	0.140142636227853
PP.H4.abf	0.808755317781726
