nsnps	922
PP.H0.abf	2.92543696826534e-22
PP.H1.abf	7.97897634345671e-23
PP.H2.abf	0.493048509378653
PP.H3.abf	0.134103554570122
PP.H4.abf	0.372847936051229
