nsnps	32
PP.H0.abf	1.16694065937225e-26
PP.H1.abf	0.0150979100502134
PP.H2.abf	7.60187686335036e-25
PP.H3.abf	0.983531529539272
PP.H4.abf	0.00137056041051429
