nsnps	4
PP.H0.abf	2.44913189864741e-18
PP.H1.abf	3.04603848484717e-07
PP.H2.abf	1.20381497656443e-12
PP.H3.abf	0.148869950989374
PP.H4.abf	0.851129744405573
