nsnps	40
PP.H0.abf	3.4713584517885e-09
PP.H1.abf	1.7906659790095e-11
PP.H2.abf	0.272209127531198
PP.H3.abf	0.000677050085859046
PP.H4.abf	0.727113818893677
