nsnps	380
PP.H0.abf	2.53320411856373e-25
PP.H1.abf	2.94843872267813e-13
PP.H2.abf	4.25273291485099e-14
PP.H3.abf	0.0485468178472811
PP.H4.abf	0.95145318215238
