nsnps	124
PP.H0.abf	2.58423706310896e-21
PP.H1.abf	9.1478948266506e-12
PP.H2.abf	7.09925561505968e-13
PP.H3.abf	0.00151456743868725
PP.H4.abf	0.998485432551458
