nsnps	399
PP.H0.abf	9.03505562908986e-12
PP.H1.abf	1.26701233361812e-06
PP.H2.abf	2.02810274887428e-07
PP.H3.abf	0.0274681489256466
PP.H4.abf	0.972530381242709
