nsnps	380
PP.H0.abf	4.64101252090777e-36
PP.H1.abf	5.40175224286186e-24
PP.H2.abf	8.58786672132661e-13
PP.H3.abf	0.999555754198829
PP.H4.abf	0.000444245800306479
