nsnps	23
PP.H0.abf	7.5008012026116e-44
PP.H1.abf	7.03372957648367e-40
PP.H2.abf	5.3661633906426e-07
PP.H3.abf	0.00403605131989114
PP.H4.abf	0.995963412063764
