nsnps	512
PP.H0.abf	3.79290459187865e-10
PP.H1.abf	1.58089419862434e-11
PP.H2.abf	0.775758633993816
PP.H3.abf	0.032141756788185
PP.H4.abf	0.1920996088229
