nsnps	142
PP.H0.abf	5.22562833246825e-66
PP.H1.abf	1.02370935303164e-58
PP.H2.abf	1.5073288449313e-09
PP.H3.abf	0.0285573822154277
PP.H4.abf	0.971442616277253
