nsnps	228
PP.H0.abf	1.01937575861532e-73
PP.H1.abf	2.09870500456167e-66
PP.H2.abf	1.03585628529816e-09
PP.H3.abf	0.0203467001246994
PP.H4.abf	0.979653298839457
