nsnps	231
PP.H0.abf	1.93948430634922e-10
PP.H1.abf	0.00540129709662514
PP.H2.abf	3.50869724073915e-08
PP.H3.abf	0.97712455055929
PP.H4.abf	0.0174741170631645
