nsnps	10
PP.H0.abf	5.04032429207885e-30
PP.H1.abf	6.42808183724821e-19
PP.H2.abf	7.8411014909708e-12
PP.H3.abf	0.999999983264928
PP.H4.abf	1.67272298676991e-08
