nsnps	456
PP.H0.abf	2.82614132282044e-19
PP.H1.abf	1.53738486063414e-15
PP.H2.abf	3.3243089385045e-05
PP.H3.abf	0.180018220909367
PP.H4.abf	0.819948536001247
