nsnps	496
PP.H0.abf	1.78093535796909e-38
PP.H1.abf	6.69616590776195e-24
PP.H2.abf	2.63094950790722e-15
PP.H3.abf	0.989203906228806
PP.H4.abf	0.0107960937711849
