nsnps	858
PP.H0.abf	1.51220076996447e-59
PP.H1.abf	2.59118016010831e-12
PP.H2.abf	5.83595281389082e-48
PP.H3.abf	0.999999831006662
PP.H4.abf	1.68990757401929e-07
