nsnps	658
PP.H0.abf	6.45674519540529e-24
PP.H1.abf	1.61176388105331e-24
PP.H2.abf	0.498612323308301
PP.H3.abf	0.124088714336152
PP.H4.abf	0.377298962355546
