nsnps	245
PP.H0.abf	5.82185792592632e-17
PP.H1.abf	0.000165177606677433
PP.H2.abf	3.52273440484827e-13
PP.H3.abf	0.999468953644923
PP.H4.abf	0.00036586874804545
