nsnps	48
PP.H0.abf	8.76847431083e-119
PP.H1.abf	1.98072737080832e-121
PP.H2.abf	0.947628028100116
PP.H3.abf	0.00209033337163918
PP.H4.abf	0.0502816385282718
