nsnps	544
PP.H0.abf	9.41615655216186e-92
PP.H1.abf	2.00132246845596e-93
PP.H2.abf	0.942049726584911
PP.H3.abf	0.0199844847065977
PP.H4.abf	0.0379657887084967
