nsnps	21
PP.H0.abf	2.27586563441805e-10
PP.H1.abf	2.6046770045658e-05
PP.H2.abf	1.34090962592596e-07
PP.H3.abf	0.0143607958995137
PP.H4.abf	0.985613023011893
