nsnps	213
PP.H0.abf	5.31154653038925e-97
PP.H1.abf	8.65754518643186e-81
PP.H2.abf	7.66247385816871e-18
PP.H3.abf	0.124018365590832
PP.H4.abf	0.875981634409167
