nsnps	445
PP.H0.abf	1.54955474870156e-13
PP.H1.abf	2.03356681716334e-15
PP.H2.abf	0.767149102538508
PP.H3.abf	0.00984471785561272
PP.H4.abf	0.223006179605724
