nsnps	121
PP.H0.abf	1.0117698267286e-42
PP.H1.abf	1.97543524532741e-35
PP.H2.abf	3.62447279588167e-09
PP.H3.abf	0.0698360431184202
PP.H4.abf	0.930163953257111
