nsnps	380
PP.H0.abf	1.27581669017402e-43
PP.H1.abf	1.48494442464468e-31
PP.H2.abf	8.50313510657234e-13
PP.H3.abf	0.98968382764566
PP.H4.abf	0.0103161723534876
