nsnps	399
PP.H0.abf	7.16506254515852e-53
PP.H1.abf	4.48138414709816e-51
PP.H2.abf	0.000581801110295815
PP.H3.abf	0.0354247226865823
PP.H4.abf	0.963993476203127
