nsnps	12
PP.H0.abf	2.45432590674576e-65
PP.H1.abf	4.36708114105975e-13
PP.H2.abf	2.39154824674022e-53
PP.H3.abf	0.424962794488637
PP.H4.abf	0.575037205510915
