nsnps	21
PP.H0.abf	1.40697740066729e-07
PP.H1.abf	8.66806164938174e-06
PP.H2.abf	0.0118158025251016
PP.H3.abf	0.727683714650255
PP.H4.abf	0.260491674065254
