nsnps	165
PP.H0.abf	9.87967014245061e-46
PP.H1.abf	2.99904535455323e-21
PP.H2.abf	3.29427166796629e-25
PP.H3.abf	1
PP.H4.abf	2.50446207237078e-16
