nsnps	283
PP.H0.abf	3.26765720890675e-170
PP.H1.abf	3.23030881491209e-172
PP.H2.abf	0.900106772149257
PP.H3.abf	0.00880710194752945
PP.H4.abf	0.0910861259032348
