nsnps	3
PP.H0.abf	4.95833628319789e-06
PP.H1.abf	3.54741001740052e-05
PP.H2.abf	0.000282582734338962
PP.H3.abf	0.00102306620135549
PP.H4.abf	0.998653918627849
