nsnps	327
PP.H0.abf	1.81296497684696e-117
PP.H1.abf	1.93491488864845e-119
PP.H2.abf	0.889487149161378
PP.H3.abf	0.00939206827598756
PP.H4.abf	0.101120782562623
