nsnps	261
PP.H0.abf	6.8187059264899e-58
PP.H1.abf	1.29514253541087e-51
PP.H2.abf	5.26482757847925e-07
PP.H3.abf	0.999999444440687
PP.H4.abf	2.90765461504301e-08
