nsnps	274
PP.H0.abf	3.5947963993985e-50
PP.H1.abf	1.08362695625627e-49
PP.H2.abf	0.247925784687541
PP.H3.abf	0.74735071360557
PP.H4.abf	0.00472350170688654
