nsnps	203
PP.H0.abf	1.50829161898551e-15
PP.H1.abf	1.24483444374422e-15
PP.H2.abf	0.544217662498572
PP.H3.abf	0.449151132880718
PP.H4.abf	0.00663120462070699
