nsnps	106
PP.H0.abf	1.15307483888827e-53
PP.H1.abf	1.07560844015193e-52
PP.H2.abf	0.000416482061996911
PP.H3.abf	0.00288832254975365
PP.H4.abf	0.996695195388249
