nsnps	610
PP.H0.abf	2.93559032050862e-10
PP.H1.abf	0.00225593768625253
PP.H2.abf	4.14675645094492e-08
PP.H3.abf	0.317989512386561
PP.H4.abf	0.679754508166062
