nsnps	32
PP.H0.abf	2.43108696528904e-106
PP.H1.abf	1.15710553944841e-108
PP.H2.abf	0.565308892749827
PP.H3.abf	0.00225822385015079
PP.H4.abf	0.432432883400014
