nsnps	136
PP.H0.abf	3.11221209747274e-13
PP.H1.abf	1.52881467504237e-07
PP.H2.abf	1.34873974693683e-07
PP.H3.abf	0.0653195806112123
PP.H4.abf	0.934680131633034
