nsnps	14
PP.H0.abf	5.76955438207637e-16
PP.H1.abf	2.82261219291238e-10
PP.H2.abf	9.58673492316625e-09
PP.H3.abf	0.00369376741076713
PP.H4.abf	0.996306222720238
