nsnps	117
PP.H0.abf	4.0743128663485e-14
PP.H1.abf	1.82907036905933e-16
PP.H2.abf	0.789511594673056
PP.H3.abf	0.00333718204521243
PP.H4.abf	0.207151223281691
