nsnps	89
PP.H0.abf	1.50618573124585e-30
PP.H1.abf	9.54937908310667e-33
PP.H2.abf	0.971714403441142
PP.H3.abf	0.00613862656973824
PP.H4.abf	0.0221469699891191
