nsnps	3
PP.H0.abf	1.08997062303333e-06
PP.H1.abf	7.7981251895383e-06
PP.H2.abf	0.000280344620343214
PP.H3.abf	0.00100700391301221
PP.H4.abf	0.998703763370831
