nsnps	226
PP.H0.abf	8.6813622376673e-13
PP.H1.abf	3.05244886261782e-10
PP.H2.abf	2.6273296961984e-05
PP.H3.abf	0.00824621155892396
PP.H4.abf	0.991727514838002
