nsnps	309
PP.H0.abf	2.30798823390341e-32
PP.H1.abf	2.21263502847919e-33
PP.H2.abf	0.767636608058323
PP.H3.abf	0.0734332842364825
PP.H4.abf	0.158930107705198
