nsnps	444
PP.H0.abf	6.44143791528868e-19
PP.H1.abf	0.000102761547387769
PP.H2.abf	6.2676119300858e-15
PP.H3.abf	0.999884654211922
PP.H4.abf	1.25842406872843e-05
