nsnps	766
PP.H0.abf	4.36994968437942e-141
PP.H1.abf	1.3566140182451e-131
PP.H2.abf	4.37738248025341e-11
PP.H3.abf	0.135027173876653
PP.H4.abf	0.864972826079569
