nsnps	142
PP.H0.abf	1.47857697075136e-65
PP.H1.abf	2.89655707952046e-58
PP.H2.abf	2.91257500760147e-09
PP.H3.abf	0.0561139467496356
PP.H4.abf	0.943886050337797
