nsnps	213
PP.H0.abf	1.20451791193199e-188
PP.H1.abf	1.96330168450089e-172
PP.H2.abf	7.78909226077121e-18
PP.H3.abf	0.126084245721098
PP.H4.abf	0.873915754278918
