nsnps	161
PP.H0.abf	3.07558896808105e-15
PP.H1.abf	3.61625632479615e-12
PP.H2.abf	0.000136644775247568
PP.H3.abf	0.159825948154612
PP.H4.abf	0.840037407066518
