nsnps	1300
PP.H0.abf	5.2222161505898e-18
PP.H1.abf	5.44019927904308e-06
PP.H2.abf	8.61638240419657e-14
PP.H3.abf	0.0888492859138863
PP.H4.abf	0.911145273886752
