nsnps	155
PP.H0.abf	1.81219112653018e-77
PP.H1.abf	1.52277462519289e-79
PP.H2.abf	0.901333576328865
PP.H3.abf	0.00748267465241765
PP.H4.abf	0.0911837490187092
