nsnps	504
PP.H0.abf	5.96992123728606e-18
PP.H1.abf	1.74476543559793e-16
PP.H2.abf	0.000248388720577964
PP.H3.abf	0.00626590746120518
PP.H4.abf	0.99348570381822
