nsnps	660
PP.H0.abf	1.51235022293487e-10
PP.H1.abf	2.92639981075715e-06
PP.H2.abf	3.78153585221899e-06
PP.H3.abf	0.0722450237159916
PP.H4.abf	0.92774826819711
