nsnps	191
PP.H0.abf	4.29742244367731e-25
PP.H1.abf	5.00179333423473e-13
PP.H2.abf	8.59176174661247e-13
PP.H3.abf	0.999999818238843
PP.H4.abf	1.81759795882736e-07
