nsnps	332
PP.H0.abf	1.15907417176175e-36
PP.H1.abf	2.71786806277087e-29
PP.H2.abf	4.41944937773219e-10
PP.H3.abf	0.00937236777558986
PP.H4.abf	0.99062763178247
