nsnps	442
PP.H0.abf	5.82206768514621e-15
PP.H1.abf	2.20281608758549e-11
PP.H2.abf	1.57502122353181e-05
PP.H3.abf	0.0586505892973516
PP.H4.abf	0.941333660468377
