nsnps	134
PP.H0.abf	5.37793788115952e-32
PP.H1.abf	3.32266736341868e-25
PP.H2.abf	1.61855762512671e-07
PP.H3.abf	0.999998272058719
PP.H4.abf	1.56608552478728e-06
