nsnps	506
PP.H0.abf	2.16447169080935e-08
PP.H1.abf	4.96811368513106e-10
PP.H2.abf	0.945368596953462
PP.H3.abf	0.021666088032521
PP.H4.abf	0.0329652928724873
