nsnps	10
PP.H0.abf	7.12652741142123e-20
PP.H1.abf	5.18969519400041e-19
PP.H2.abf	0.110865534582681
PP.H3.abf	0.807265523115621
PP.H4.abf	0.0818689423016978
