nsnps	489
PP.H0.abf	1.02743480130929e-08
PP.H1.abf	6.05955683459087e-05
PP.H2.abf	2.17154973053955e-06
PP.H3.abf	0.0118191461846051
PP.H4.abf	0.988118076422971
