nsnps	21
PP.H0.abf	5.03440502258869e-53
PP.H1.abf	1.64065801405679e-47
PP.H2.abf	3.05014372269706e-06
PP.H3.abf	0.994002775524294
PP.H4.abf	0.00599417433198742
