nsnps	476
PP.H0.abf	1.12186273708873e-108
PP.H1.abf	1.99647502232711e-110
PP.H2.abf	0.967143781761251
PP.H3.abf	0.017195700011458
PP.H4.abf	0.0156605182272893
