nsnps	442
PP.H0.abf	1.08833709152731e-13
PP.H1.abf	4.1177921377466e-10
PP.H2.abf	1.57040080133279e-05
PP.H3.abf	0.0584755976672146
PP.H4.abf	0.941508697912883
