nsnps	1213
PP.H0.abf	1.16760215237718e-05
PP.H1.abf	3.57681357505656e-07
PP.H2.abf	0.920713246827877
PP.H3.abf	0.0281538600348156
PP.H4.abf	0.0511208594344262
