nsnps	505
PP.H0.abf	3.4685743317621e-18
PP.H1.abf	0.000778225759094035
PP.H2.abf	1.78947013934131e-15
PP.H3.abf	0.400895666629606
PP.H4.abf	0.598326107611297
