nsnps	327
PP.H0.abf	1.89646781244467e-63
PP.H1.abf	2.0240345803721e-65
PP.H2.abf	0.897805268955707
PP.H3.abf	0.00948926000647859
PP.H4.abf	0.0927054710378075
