nsnps	28
PP.H0.abf	3.46770767388404e-11
PP.H1.abf	2.02435418397198e-07
PP.H2.abf	0.000166242690299744
PP.H3.abf	0.970450592029165
PP.H4.abf	0.0293829628104402
