nsnps	458
PP.H0.abf	6.76355811916515e-14
PP.H1.abf	5.10121273890963e-15
PP.H2.abf	0.401432597736124
PP.H3.abf	0.0297080014660069
PP.H4.abf	0.568859400797795
