nsnps	544
PP.H0.abf	8.21332703561364e-66
PP.H1.abf	1.74567147923815e-67
PP.H2.abf	0.942049709331907
PP.H3.abf	0.0199844843222628
PP.H4.abf	0.0379658063458295
