nsnps	242
PP.H0.abf	2.06320697161327e-59
PP.H1.abf	4.1717243610694e-57
PP.H2.abf	1.45811080373961e-05
PP.H3.abf	0.00195020820104137
PP.H4.abf	0.998035210690923
