nsnps	160
PP.H0.abf	5.16821717124602e-10
PP.H1.abf	1.73735717349064e-09
PP.H2.abf	0.204110093236997
PP.H3.abf	0.686030298435408
PP.H4.abf	0.109859606073418
