nsnps	593
PP.H0.abf	1.08034917744519e-53
PP.H1.abf	1.1084335605737e-49
PP.H2.abf	7.87523903578302e-06
PP.H3.abf	0.0798794976011261
PP.H4.abf	0.920112627159835
