nsnps	437
PP.H0.abf	7.58772277924541e-26
PP.H1.abf	1.35710842975274e-12
PP.H2.abf	5.59109469676073e-14
PP.H3.abf	0.999999863495086
PP.H4.abf	1.36503502746334e-07
