nsnps	3
PP.H0.abf	1.14598797966705e-19
PP.H1.abf	7.8127594891354e-06
PP.H2.abf	2.94752499093567e-17
PP.H3.abf	0.00101048997704561
PP.H4.abf	0.998981697263466
