nsnps	53
PP.H0.abf	9.40144496580859e-169
PP.H1.abf	2.87881137944024e-159
PP.H2.abf	3.2657384328222e-10
PP.H3.abf	0.999999999667693
PP.H4.abf	5.75616531247757e-12
