nsnps	766
PP.H0.abf	7.55868825533033e-24
PP.H1.abf	2.34653101004346e-14
PP.H2.abf	8.86893348543662e-11
PP.H3.abf	0.274603162121018
PP.H4.abf	0.725396837790271
