nsnps	25
PP.H0.abf	8.74591020156197e-76
PP.H1.abf	3.8416446797443e-18
PP.H2.abf	2.27591254666472e-58
PP.H3.abf	0.999695224329592
PP.H4.abf	0.000304775670420548
