nsnps	301
PP.H0.abf	5.1870434491059e-165
PP.H1.abf	2.59628198814493e-37
PP.H2.abf	1.99787367966609e-128
PP.H3.abf	1
PP.H4.abf	6.08411471292933e-37
