nsnps	317
PP.H0.abf	4.4140812775414e-20
PP.H1.abf	2.34859713482082e-16
PP.H2.abf	4.67134934795921e-05
PP.H3.abf	0.247796000406069
PP.H4.abf	0.752157286100451
