nsnps	380
PP.H0.abf	2.87614326495271e-69
PP.H1.abf	5.14414999734752e-56
PP.H2.abf	5.59109525648279e-14
PP.H3.abf	0.999999999974875
PP.H4.abf	2.50594130397859e-11
