nsnps	177
PP.H0.abf	2.09470897439586e-08
PP.H1.abf	5.99342479121786e-11
PP.H2.abf	0.945086781065061
PP.H3.abf	0.00265184055498044
PP.H4.abf	0.0522613573729332
