nsnps	3
PP.H0.abf	2.77212748242548e-16
PP.H1.abf	3.53538010994217e-05
PP.H2.abf	1.57987542429201e-14
PP.H3.abf	0.00101591537143289
PP.H4.abf	0.998948730827452
