nsnps	11
PP.H0.abf	8.73546889540891e-98
PP.H1.abf	4.09643425279944e-21
PP.H2.abf	2.19151422479513e-78
PP.H3.abf	0.101871328164836
PP.H4.abf	0.89812867183516
