nsnps	573
PP.H0.abf	6.66961051653827e-11
PP.H1.abf	0.000713731889852328
PP.H2.abf	9.27639907794681e-08
PP.H3.abf	0.99268432493016
PP.H4.abf	0.00660185034930203
