nsnps	858
PP.H0.abf	2.82896912250491e-114
PP.H1.abf	4.84748375307727e-67
PP.H2.abf	5.83595379914156e-48
PP.H3.abf	1
PP.H4.abf	9.15239672778894e-36
