nsnps	140
PP.H0.abf	2.16318112051499e-36
PP.H1.abf	1.99562372324046e-30
PP.H2.abf	1.0839611457888e-06
PP.H3.abf	0.99999882436739
PP.H4.abf	9.16714602598663e-08
