nsnps	32
PP.H0.abf	1.30174945577696e-302
PP.H1.abf	3.67982190470915e-27
PP.H2.abf	3.53753385214438e-276
PP.H3.abf	1
PP.H4.abf	1.98493635065444e-23
