nsnps	358
PP.H0.abf	8.58785730394071e-11
PP.H1.abf	3.87422920548778e-06
PP.H2.abf	2.16618873814052e-05
PP.H3.abf	0.977207218871838
PP.H4.abf	0.0227672449256957
