nsnps	286
PP.H0.abf	1.86223415249893e-51
PP.H1.abf	3.58536215022986e-48
PP.H2.abf	0.000511147199296956
PP.H3.abf	0.984097062111052
PP.H4.abf	0.0153917906896572
