nsnps	49
PP.H0.abf	8.31157085485588e-29
PP.H1.abf	2.5723517799638e-24
PP.H2.abf	3.23101121876036e-05
PP.H3.abf	0.99996710609201
PP.H4.abf	5.83795809216807e-07
