nsnps	153
PP.H0.abf	2.13454753074806e-12
PP.H1.abf	4.49045716195742e-07
PP.H2.abf	6.2781218771932e-08
PP.H3.abf	0.012219533042584
PP.H4.abf	0.987779955128348
