nsnps	182
PP.H0.abf	5.1087357474314e-27
PP.H1.abf	8.63508007665675e-14
PP.H2.abf	2.91398713581707e-15
PP.H3.abf	0.0483021949467477
PP.H4.abf	0.951697805053161
