nsnps	164
PP.H0.abf	6.86075196415537e-121
PP.H1.abf	5.84581527989539e-123
PP.H2.abf	0.901076433672358
PP.H3.abf	0.00758643115004314
PP.H4.abf	0.0913371351775826
