nsnps	156
PP.H0.abf	7.34016146785904e-26
PP.H1.abf	3.8312873419209e-26
PP.H2.abf	0.589937237058317
PP.H3.abf	0.307822739388187
PP.H4.abf	0.102240023553496
