nsnps	261
PP.H0.abf	3.5759407514347e-42
PP.H1.abf	9.99361287739468e-31
PP.H2.abf	3.51350756406991e-12
PP.H3.abf	0.981895099982522
PP.H4.abf	0.0181049000139667
