nsnps	11
PP.H0.abf	4.28702675558017e-72
PP.H1.abf	3.76720698366878e-16
PP.H2.abf	1.13798545555195e-56
PP.H3.abf	0.999999999973966
PP.H4.abf	2.60288554571278e-11
