nsnps	380
PP.H0.abf	3.02015825049315e-37
PP.H1.abf	5.40172919950801e-24
PP.H2.abf	5.58859007936419e-14
PP.H3.abf	0.999551485920236
PP.H4.abf	0.000448514079705825
