nsnps	448
PP.H0.abf	1.42311130612012e-81
PP.H1.abf	7.28730639400121e-80
PP.H2.abf	0.0189798840641762
PP.H3.abf	0.971891170795665
PP.H4.abf	0.00912894514015269
