nsnps	11
PP.H0.abf	2.1528991282401e-96
PP.H1.abf	2.64478588837808e-10
PP.H2.abf	3.57710587667263e-89
PP.H3.abf	0.00339778813384447
PP.H4.abf	0.996602211601685
