nsnps	4
PP.H0.abf	1.52170834467024e-23
PP.H1.abf	2.48302689602779e-26
PP.H2.abf	0.828104527275681
PP.H3.abf	0.0011805333607129
PP.H4.abf	0.17071493936361
