nsnps	91
PP.H0.abf	3.43932044548665e-12
PP.H1.abf	1.57580463366355e-06
PP.H2.abf	1.4816673864554e-07
PP.H3.abf	0.0669529912195426
PP.H4.abf	0.933045284805647
