nsnps	132
PP.H0.abf	9.08847710267097e-08
PP.H1.abf	5.06649187634267e-08
PP.H2.abf	0.224259621912705
PP.H3.abf	0.124365119921755
PP.H4.abf	0.651375116615851
