nsnps	435
PP.H0.abf	2.35587777716932e-12
PP.H1.abf	2.33849629369532e-13
PP.H2.abf	0.10602664195246
PP.H3.abf	0.00964010530861815
PP.H4.abf	0.884333252736331
