nsnps	858
PP.H0.abf	2.0801259546031e-72
PP.H1.abf	3.56432903034465e-25
PP.H2.abf	5.83595379914172e-48
PP.H3.abf	1
PP.H4.abf	6.58254592245202e-18
