nsnps	412
PP.H0.abf	1.01996491613363e-07
PP.H1.abf	1.83071302045417e-07
PP.H2.abf	0.193259632481138
PP.H3.abf	0.346417221567374
PP.H4.abf	0.460322860883695
