nsnps	106
PP.H0.abf	7.15230068071391e-278
PP.H1.abf	1.74352536128628e-63
PP.H2.abf	4.10220627673448e-215
PP.H3.abf	1
PP.H4.abf	7.02171952620603e-37
