nsnps	195
PP.H0.abf	9.8153893654203e-103
PP.H1.abf	1.59985752675543e-86
PP.H2.abf	7.83317237627503e-18
PP.H3.abf	0.126803447929361
PP.H4.abf	0.873196552070634
