nsnps	72
PP.H0.abf	2.2807254862892e-25
PP.H1.abf	6.62665535785657e-07
PP.H2.abf	3.44173986432124e-19
PP.H3.abf	0.999998642252548
PP.H4.abf	6.95081920155159e-07
