nsnps	504
PP.H0.abf	1.93122748419142e-06
PP.H1.abf	1.35307502272323e-07
PP.H2.abf	0.900188250177304
PP.H3.abf	0.0630330712973985
PP.H4.abf	0.0367766119903116
