nsnps	435
PP.H0.abf	1.34386470333847e-22
PP.H1.abf	8.55275859466391e-12
PP.H2.abf	4.1922912525243e-12
PP.H3.abf	0.266076082717234
PP.H4.abf	0.733923917270023
