nsnps	407
PP.H0.abf	1.32067773530656e-31
PP.H1.abf	1.60060085300623e-33
PP.H2.abf	0.97784203908301
PP.H3.abf	0.011840679824559
PP.H4.abf	0.0103172810924269
