nsnps	579
PP.H0.abf	1.14785433596096e-46
PP.H1.abf	4.66835081384242e-30
PP.H2.abf	1.58758401965112e-17
PP.H3.abf	0.645319506377564
PP.H4.abf	0.354680493622432
