nsnps	406
PP.H0.abf	5.86126201069118e-06
PP.H1.abf	1.75171924214644e-06
PP.H2.abf	0.18182805585073
PP.H3.abf	0.0535772429843881
PP.H4.abf	0.764587088183629
