nsnps	261
PP.H0.abf	3.48823008911849e-51
PP.H1.abf	6.62553160441549e-45
PP.H2.abf	5.26482767953626e-07
PP.H3.abf	0.999999463654662
PP.H4.abf	9.86257295056932e-09
