nsnps	85
PP.H0.abf	1.58395215415235e-07
PP.H1.abf	3.64825905799355e-09
PP.H2.abf	0.872440067652136
PP.H3.abf	0.0199870202022445
PP.H4.abf	0.107572750102146
