nsnps	119
PP.H0.abf	1.720897772507e-07
PP.H1.abf	5.34528199621034e-10
PP.H2.abf	0.968205595059471
PP.H3.abf	0.00297852849673816
PP.H4.abf	0.0288157038194843
