nsnps	382
PP.H0.abf	1.32040193744912e-08
PP.H1.abf	9.76773898964602e-11
PP.H2.abf	0.978448717501678
PP.H3.abf	0.00722379556773368
PP.H4.abf	0.0143274736288913
