nsnps	304
PP.H0.abf	3.67785476616131e-06
PP.H1.abf	8.07332152404576e-05
PP.H2.abf	0.000825259130255279
PP.H3.abf	0.0171334465865088
PP.H4.abf	0.98195688321323
