nsnps	33
PP.H0.abf	1.52316791287899e-27
PP.H1.abf	1.20526434358938e-30
PP.H2.abf	0.979839891523887
PP.H3.abf	0.000755931275768885
PP.H4.abf	0.0194041772003461
