nsnps	130
PP.H0.abf	5.43598136487785e-76
PP.H1.abf	1.03626056111105e-68
PP.H2.abf	2.86343947786007e-09
PP.H3.abf	0.0536393562861138
PP.H4.abf	0.946360640850447
