nsnps	504
PP.H0.abf	2.02419198835927e-06
PP.H1.abf	5.91589080647408e-05
PP.H2.abf	0.000306903140612751
PP.H3.abf	0.0079778778982152
PP.H4.abf	0.991654035861118
