nsnps	49
PP.H0.abf	1.01300918155518e-30
PP.H1.abf	1.53139339723661e-32
PP.H2.abf	0.24678348808985
PP.H3.abf	0.002980456727163
PP.H4.abf	0.750236055182988
