nsnps	318
PP.H0.abf	3.0244991354082e-07
PP.H1.abf	2.24959709115794e-08
PP.H2.abf	0.830467372511304
PP.H3.abf	0.0616615959674781
PP.H4.abf	0.107870706575334
