nsnps	121
PP.H0.abf	2.16899764914096e-21
PP.H1.abf	5.91637592787004e-18
PP.H2.abf	1.63690090904433e-05
PP.H3.abf	0.043693463779798
PP.H4.abf	0.956290167211115
