nsnps	82
PP.H0.abf	3.43959985875964e-07
PP.H1.abf	1.2295029294082e-05
PP.H2.abf	0.00166294452322385
PP.H3.abf	0.0585029988726599
PP.H4.abf	0.939821417614836
