nsnps	11
PP.H0.abf	5.23465726805676e-69
PP.H1.abf	4.92302266021942e-06
PP.H2.abf	8.06232907283571e-64
PP.H3.abf	0.757993479489676
PP.H4.abf	0.242001597487651
