nsnps	340
PP.H0.abf	4.53853909124077e-34
PP.H1.abf	4.69556270127005e-05
PP.H2.abf	9.66396944893674e-30
PP.H3.abf	0.999832062423039
PP.H4.abf	0.000120981949945768
