nsnps	399
PP.H0.abf	3.56648544022886e-12
PP.H1.abf	5.00138707047961e-07
PP.H2.abf	2.18879238636804e-07
PP.H3.abf	0.0297238017141163
PP.H4.abf	0.970275479264372
