nsnps	544
PP.H0.abf	2.12295638419915e-50
PP.H1.abf	4.51215980502602e-52
PP.H2.abf	0.941886746638797
PP.H3.abf	0.0199808540985382
PP.H4.abf	0.0381323992626581
