nsnps	113
PP.H0.abf	4.71527223141276e-44
PP.H1.abf	3.03033929331528e-46
PP.H2.abf	0.973358300646587
PP.H3.abf	0.00623502410406791
PP.H4.abf	0.0204066752493381
