nsnps	573
PP.H0.abf	1.98343702308539e-18
PP.H1.abf	2.12252612259669e-11
PP.H2.abf	9.21269941368078e-08
PP.H3.abf	0.985860124818053
PP.H4.abf	0.0141397830337294
