nsnps	427
PP.H0.abf	1.07827365180989e-09
PP.H1.abf	5.17002455759248e-10
PP.H2.abf	0.0867850379484412
PP.H3.abf	0.0407385540283716
PP.H4.abf	0.872476406427911
