nsnps	489
PP.H0.abf	3.65398221057874e-11
PP.H1.abf	2.1550285088037e-07
PP.H2.abf	0.000165566773337984
PP.H3.abf	0.976448573143352
PP.H4.abf	0.023385644543918
