nsnps	217
PP.H0.abf	4.73667444497537e-12
PP.H1.abf	2.35822335058988e-06
PP.H2.abf	1.48073250564188e-07
PP.H3.abf	0.0727932511390914
PP.H4.abf	0.927204242559572
