nsnps	507
PP.H0.abf	7.05401180455485e-15
PP.H1.abf	5.6631382041745e-05
PP.H2.abf	7.45325310528978e-11
PP.H3.abf	0.597963937375124
PP.H4.abf	0.401979431168298
