nsnps	327
PP.H0.abf	4.10496430231087e-91
PP.H1.abf	4.38108658873568e-93
PP.H2.abf	0.90211755757638
PP.H3.abf	0.00953964624805529
PP.H4.abf	0.0883427961755689
