nsnps	145
PP.H0.abf	2.96335121714874e-60
PP.H1.abf	6.15222005170865e-55
PP.H2.abf	4.72884561628177e-06
PP.H3.abf	0.981738433140702
PP.H4.abf	0.0182568380136746
