nsnps	2
PP.H0.abf	6.97186908226505e-185
PP.H1.abf	0.000859451861050349
PP.H2.abf	5.80773666007693e-184
PP.H3.abf	0.00616646913786998
PP.H4.abf	0.99297407900107
