nsnps	245
PP.H0.abf	7.04117106819374e-16
PP.H1.abf	0.0019977192848889
PP.H2.abf	3.49490599081516e-13
PP.H3.abf	0.99156741401527
PP.H4.abf	0.00643486669949407
