nsnps	79
PP.H0.abf	1.9806685187551e-49
PP.H1.abf	4.16674112319152e-44
PP.H2.abf	1.0885204020742e-06
PP.H3.abf	0.228220740254135
PP.H4.abf	0.771778171225462
