nsnps	142
PP.H0.abf	1.28955452106371e-63
PP.H1.abf	3.74680524431358e-45
PP.H2.abf	3.44174419799606e-19
PP.H3.abf	1
PP.H4.abf	6.50273164756885e-17
