nsnps	123
PP.H0.abf	9.57870997329857e-77
PP.H1.abf	1.82598848394038e-69
PP.H2.abf	1.25702359855173e-09
PP.H3.abf	0.0229856133734312
PP.H4.abf	0.97701438536954
