nsnps	101
PP.H0.abf	1.0704011036611e-10
PP.H1.abf	2.06860191410799e-06
PP.H2.abf	3.61099790992002e-06
PP.H3.abf	0.0688531402706575
PP.H4.abf	0.93114118002248
