nsnps	155
PP.H0.abf	1.20190900603385e-114
PP.H1.abf	1.34930514193899e-116
PP.H2.abf	0.976747965798859
PP.H3.abf	0.0109530157101164
PP.H4.abf	0.0122990184910277
