nsnps	535
PP.H0.abf	3.62594729957608e-11
PP.H1.abf	0.000170364132667176
PP.H2.abf	2.06270944407017e-07
PP.H3.abf	0.969127634909505
PP.H4.abf	0.0307017946506231
