nsnps	364
PP.H0.abf	1.5735127028213e-22
PP.H1.abf	1.13328195266081e-14
PP.H2.abf	1.38845647306794e-08
PP.H3.abf	0.999999974670488
PP.H4.abf	1.14449382333218e-08
