nsnps	332
PP.H0.abf	2.21877803945073e-21
PP.H1.abf	5.20272655427613e-14
PP.H2.abf	4.601998995346e-10
PP.H3.abf	0.00980084977451825
PP.H4.abf	0.990199149765228
