nsnps	327
PP.H0.abf	1.3723164250378e-112
PP.H1.abf	1.46462591205732e-114
PP.H2.abf	0.899475767025477
PP.H3.abf	0.00950877867201781
PP.H4.abf	0.0910154543025146
