nsnps	80
PP.H0.abf	6.17333241321041e-82
PP.H1.abf	4.36807955019642e-42
PP.H2.abf	1.41328296389033e-43
PP.H3.abf	0
PP.H4.abf	1
