nsnps	477
PP.H0.abf	1.86616657908052e-12
PP.H1.abf	1.99716955819719e-05
PP.H2.abf	1.57334353965324e-08
PP.H3.abf	0.16754663080284
PP.H4.abf	0.832433381766276
