nsnps	420
PP.H0.abf	1.98535877493837e-08
PP.H1.abf	0.00252843529365324
PP.H2.abf	7.4516717472611e-06
PP.H3.abf	0.94895224712652
PP.H4.abf	0.0485118460544934
