nsnps	1262
PP.H0.abf	4.39781940045541e-15
PP.H1.abf	8.89083946066896e-12
PP.H2.abf	0.00016355121994779
PP.H3.abf	0.32997300925366
PP.H4.abf	0.669863439517495
