nsnps	313
PP.H0.abf	5.42339453852901e-45
PP.H1.abf	3.38663665933775e-47
PP.H2.abf	0.95478690226455
PP.H3.abf	0.00592287295935719
PP.H4.abf	0.0392902247760996
