nsnps	9
PP.H0.abf	2.72571031303007e-20
PP.H1.abf	3.52487717344775e-17
PP.H2.abf	6.58378051967972e-06
PP.H3.abf	0.00752164565338365
PP.H4.abf	0.992471770566095
