nsnps	91
PP.H0.abf	4.18300677281106e-10
PP.H1.abf	8.2222205365023e-13
PP.H2.abf	0.986243798990132
PP.H3.abf	0.00192675551509289
PP.H4.abf	0.0118294450756519
