nsnps	44
PP.H0.abf	1.51152000674174e-22
PP.H1.abf	2.56969816137257e-20
PP.H2.abf	4.19758524625668e-05
PP.H3.abf	0.0061423962921986
PP.H4.abf	0.993815627855337
