nsnps	319
PP.H0.abf	1.78801064306804e-08
PP.H1.abf	1.50795666349181e-07
PP.H2.abf	0.00930889117748557
PP.H3.abf	0.0775954107551278
PP.H4.abf	0.913095529391613
