nsnps	49
PP.H0.abf	9.87305994636697e-22
PP.H1.abf	1.49132121546191e-18
PP.H2.abf	0.000291229926583217
PP.H3.abf	0.439341112177426
PP.H4.abf	0.560367657895994
