nsnps	3
PP.H0.abf	6.09344470433866e-17
PP.H1.abf	7.77115891867373e-06
PP.H2.abf	1.56725732429942e-14
PP.H3.abf	0.000999779398756145
PP.H4.abf	0.998992449442312
