nsnps	61
PP.H0.abf	9.90016973292405e-30
PP.H1.abf	1.52805946418074e-30
PP.H2.abf	0.0264975911833849
PP.H3.abf	0.00311943529000376
PP.H4.abf	0.970382973526605
