nsnps	42
PP.H0.abf	2.03553110872805e-58
PP.H1.abf	2.63114482736887e-61
PP.H2.abf	0.961296824750312
PP.H3.abf	0.00120508236051811
PP.H4.abf	0.0374980928891791
