nsnps	434
PP.H0.abf	7.16905957427713e-15
PP.H1.abf	3.28595915160699e-07
PP.H2.abf	2.08871542615249e-08
PP.H3.abf	0.957326071729835
PP.H4.abf	0.0426735787870913
