nsnps	21
PP.H0.abf	1.8713456156571e-20
PP.H1.abf	1.32118791665178e-14
PP.H2.abf	1.41640934871422e-06
PP.H3.abf	0.999998557641209
PP.H4.abf	2.59494282490012e-08
