nsnps	80
PP.H0.abf	6.44494969063834e-10
PP.H1.abf	2.48138846911937e-05
PP.H2.abf	1.77038898574777e-05
PP.H3.abf	0.681303861055043
PP.H4.abf	0.318653620525914
