nsnps	766
PP.H0.abf	3.49201180574317e-47
PP.H1.abf	1.08406560937817e-37
PP.H2.abf	3.84369238458374e-11
PP.H3.abf	0.118442630489888
PP.H4.abf	0.881557369471677
