nsnps	22
PP.H0.abf	1.76187019022567e-08
PP.H1.abf	3.67446264159533e-06
PP.H2.abf	0.000146740137666241
PP.H3.abf	0.0296331252149767
PP.H4.abf	0.970216442566013
