nsnps	80
PP.H0.abf	1.36449434865304e-06
PP.H1.abf	2.00005498664282e-08
PP.H2.abf	0.94586681900344
PP.H3.abf	0.0138240637093855
PP.H4.abf	0.040307732792277
