nsnps	35
PP.H0.abf	2.50208560076803e-25
PP.H1.abf	7.25155132829861e-27
PP.H2.abf	0.956032800715488
PP.H3.abf	0.0276914930599494
PP.H4.abf	0.0162757062245606
