nsnps	217
PP.H0.abf	4.86766250155867e-13
PP.H1.abf	2.42343768973678e-07
PP.H2.abf	1.37112077554936e-07
PP.H3.abf	0.0673306044459274
PP.H4.abf	0.932669016097739
