nsnps	147
PP.H0.abf	2.21265907138679e-57
PP.H1.abf	3.2844305173999e-58
PP.H2.abf	0.438694639339636
PP.H3.abf	0.0646223441259418
PP.H4.abf	0.496683016534411
