nsnps	137
PP.H0.abf	6.94648711497332e-19
PP.H1.abf	7.40635788095246e-12
PP.H2.abf	9.27287780156841e-08
PP.H3.abf	0.98866467392124
PP.H4.abf	0.0113352333425729
