nsnps	126
PP.H0.abf	1.02824761566058e-37
PP.H1.abf	2.98610194830055e-19
PP.H2.abf	3.44344444182744e-19
PP.H3.abf	0.999999999999986
PP.H4.abf	1.14453845087635e-14
