nsnps	444
PP.H0.abf	1.84573446652015e-72
PP.H1.abf	2.94453711020596e-58
PP.H2.abf	6.26833487715321e-15
PP.H3.abf	0.99999999998775
PP.H4.abf	1.2237266114837e-11
