nsnps	445
PP.H0.abf	0.00133201977473922
PP.H1.abf	1.74808358077368e-05
PP.H2.abf	0.798169631838408
PP.H3.abf	0.0102846274415589
PP.H4.abf	0.190196240109487
