nsnps	311
PP.H0.abf	4.08393852614994e-08
PP.H1.abf	0.000432013380939008
PP.H2.abf	6.94899631291739e-06
PP.H3.abf	0.0725819479845931
PP.H4.abf	0.926979048798769
