nsnps	80
PP.H0.abf	5.86756224590932e-22
PP.H1.abf	2.25908688162273e-17
PP.H2.abf	2.59717781818263e-05
PP.H3.abf	0.99994681483135
PP.H4.abf	2.72133904686025e-05
