nsnps	80
PP.H0.abf	3.18321907564652e-57
PP.H1.abf	2.25235791909927e-17
PP.H2.abf	1.40899842680812e-40
PP.H3.abf	0.996965345215541
PP.H4.abf	0.00303465478447096
