nsnps	552
PP.H0.abf	3.83936256039006e-11
PP.H1.abf	0.00014158336353311
PP.H2.abf	2.71018916919071e-07
PP.H3.abf	0.999430317118018
PP.H4.abf	0.000427828461140026
