nsnps	126
PP.H0.abf	1.18698352130366e-44
PP.H1.abf	2.50624871305611e-37
PP.H2.abf	5.6355983906298e-10
PP.H3.abf	0.0109101580928692
PP.H4.abf	0.989089841343575
