nsnps	93
PP.H0.abf	4.0414514321795e-44
PP.H1.abf	2.14928272497915e-44
PP.H2.abf	0.2487655567605
PP.H3.abf	0.131676356558723
PP.H4.abf	0.619558086680772
