nsnps	14
PP.H0.abf	4.62465406057068e-12
PP.H1.abf	3.21937769155072e-10
PP.H2.abf	7.68435994429088e-05
PP.H3.abf	0.0043537727846832
PP.H4.abf	0.99556938328931
