nsnps	41
PP.H0.abf	9.33797046295723e-137
PP.H1.abf	2.57767536747672e-133
PP.H2.abf	0.000331615216422369
PP.H3.abf	0.915314102205751
PP.H4.abf	0.0843542825778322
