nsnps	660
PP.H0.abf	2.79531930522396e-27
PP.H1.abf	5.40894679139774e-23
PP.H2.abf	1.76652465231594e-06
PP.H3.abf	0.0332154941555329
PP.H4.abf	0.966782739319815
