nsnps	169
PP.H0.abf	8.43678073443179e-14
PP.H1.abf	0.000196082389952557
PP.H2.abf	1.17648217544194e-10
PP.H3.abf	0.272703540952998
PP.H4.abf	0.727100376539316
