nsnps	309
PP.H0.abf	1.79767883101326e-52
PP.H1.abf	1.72340876483945e-53
PP.H2.abf	0.138812489968461
PP.H3.abf	0.0124590246991445
PP.H4.abf	0.848728485332389
