nsnps	407
PP.H0.abf	2.48574689228879e-83
PP.H1.abf	3.01261124481019e-85
PP.H2.abf	0.976800248851035
PP.H3.abf	0.011826998332956
PP.H4.abf	0.0113727528160191
