nsnps	7
PP.H0.abf	4.64352211300018e-17
PP.H1.abf	6.71271554501238e-16
PP.H2.abf	0.0502960240056659
PP.H3.abf	0.726860810102231
PP.H4.abf	0.222843165892101
