nsnps	181
PP.H0.abf	6.13450762240052e-24
PP.H1.abf	9.49366232303999e-25
PP.H2.abf	0.397580880343079
PP.H3.abf	0.0609875264978099
PP.H4.abf	0.541431593159111
