nsnps	145
PP.H0.abf	8.24486226159457e-69
PP.H1.abf	1.7117176875903e-63
PP.H2.abf	4.72884561628183e-06
PP.H3.abf	0.981738433140702
PP.H4.abf	0.0182568380136746
