nsnps	672
PP.H0.abf	3.00545104708805e-39
PP.H1.abf	1.6192639420408e-40
PP.H2.abf	0.926258028741882
PP.H3.abf	0.0498806689485071
PP.H4.abf	0.0238613023096079
