nsnps	261
PP.H0.abf	5.35838090208478e-37
PP.H1.abf	1.01776892889055e-30
PP.H2.abf	5.26482767453268e-07
PP.H3.abf	0.999999462703331
PP.H4.abf	1.08139068327791e-08
