nsnps	176
PP.H0.abf	7.86523725784417e-31
PP.H1.abf	2.91616204514806e-26
PP.H2.abf	2.69435864913494e-05
PP.H3.abf	0.998975405863232
PP.H4.abf	0.000997650550274068
