nsnps	444
PP.H0.abf	6.45667672712561e-63
PP.H1.abf	2.94404485418019e-58
PP.H2.abf	2.19276459606076e-05
PP.H3.abf	0.999832678563448
PP.H4.abf	0.000145393790587121
