nsnps	182
PP.H0.abf	3.49427664970267e-39
PP.H1.abf	7.19406530612915e-32
PP.H2.abf	4.59901315031781e-10
PP.H3.abf	0.00847698914932858
PP.H4.abf	0.991523010390768
