nsnps	135
PP.H0.abf	8.09460480741234e-68
PP.H1.abf	1.19325087944518e-68
PP.H2.abf	0.428173970841905
PP.H3.abf	0.0626092404329002
PP.H4.abf	0.509216788725204
