nsnps	133
PP.H0.abf	2.87495172944738e-101
PP.H1.abf	3.04174507373571e-103
PP.H2.abf	0.95485369923546
PP.H3.abf	0.0100674265210247
PP.H4.abf	0.0350788742435069
