nsnps	380
PP.H0.abf	4.41968892209772e-68
PP.H1.abf	5.1441499974715e-56
PP.H2.abf	8.59167972214223e-13
PP.H3.abf	0.999999999999034
PP.H4.abf	1.15518995957792e-13
