nsnps	508
PP.H0.abf	2.86701944246368e-11
PP.H1.abf	0.000923737039365259
PP.H2.abf	2.47157213042522e-08
PP.H3.abf	0.796123255525607
PP.H4.abf	0.202952982690635
