nsnps	41
PP.H0.abf	1.5661695896392e-88
PP.H1.abf	4.53770449666381e-27
PP.H2.abf	3.45145786992237e-62
PP.H3.abf	1
PP.H4.abf	1.70087389990738e-26
