nsnps	394
PP.H0.abf	1.15936549364584e-19
PP.H1.abf	9.63900309423899e-06
PP.H2.abf	1.20276653519316e-14
PP.H3.abf	0.999984072754523
PP.H4.abf	6.28824236737725e-06
