nsnps	407
PP.H0.abf	3.00406234817067e-22
PP.H1.abf	3.64078580899959e-24
PP.H2.abf	0.977716425795996
PP.H3.abf	0.0118390301861972
PP.H4.abf	0.0104445440178037
