nsnps	80
PP.H0.abf	1.13449826257216e-43
PP.H1.abf	4.36796413022687e-39
PP.H2.abf	2.59724725599636e-05
PP.H3.abf	0.999973576044042
PP.H4.abf	4.51483400213533e-07
