nsnps	901
PP.H0.abf	9.28718669939372e-09
PP.H1.abf	3.71414424240194e-10
PP.H2.abf	0.912154638398721
PP.H3.abf	0.0364275936802607
PP.H4.abf	0.0514177582624158
