nsnps	92
PP.H0.abf	1.25562577932972e-48
PP.H1.abf	3.46330949039236e-48
PP.H2.abf	0.0488547229374663
PP.H3.abf	0.133935539357763
PP.H4.abf	0.817209737704777
