nsnps	354
PP.H0.abf	7.74064078649096e-216
PP.H1.abf	2.23363694340269e-210
PP.H2.abf	1.23719867566529e-06
PP.H3.abf	0.356362035609105
PP.H4.abf	0.643636727192226
