nsnps	419
PP.H0.abf	4.36820164968564e-07
PP.H1.abf	1.8805585452659e-05
PP.H2.abf	0.0016749186977905
PP.H3.abf	0.0711799543823097
PP.H4.abf	0.927125884514282
