nsnps	64
PP.H0.abf	0.000170418531904269
PP.H1.abf	3.77580427583104e-06
PP.H2.abf	0.535988423206834
PP.H3.abf	0.0114229805890779
PP.H4.abf	0.452414401867908
