nsnps	350
PP.H0.abf	5.91721104052592e-08
PP.H1.abf	0.000121404602093182
PP.H2.abf	9.83258511274677e-05
PP.H3.abf	0.20093827289327
PP.H4.abf	0.798841937481399
