nsnps	12
PP.H0.abf	1.19033650751762e-14
PP.H1.abf	3.27876588282353e-16
PP.H2.abf	0.0910264163987869
PP.H3.abf	0.00159993673670461
PP.H4.abf	0.9073736468645
