nsnps	508
PP.H0.abf	2.10287229353985e-35
PP.H1.abf	6.7753325904498e-28
PP.H2.abf	2.97171198649329e-08
PP.H3.abf	0.957425795796054
PP.H4.abf	0.0425741744868228
