nsnps	354
PP.H0.abf	4.21124531047376e-266
PP.H1.abf	1.21519566178838e-260
PP.H2.abf	1.63205454848759e-06
PP.H3.abf	0.470415579724927
PP.H4.abf	0.529582788220486
