nsnps	504
PP.H0.abf	1.0432760204915e-06
PP.H1.abf	3.04907195252918e-05
PP.H2.abf	0.000249424975519446
PP.H3.abf	0.00629625590180687
PP.H4.abf	0.993422785127127
