nsnps	21
PP.H0.abf	8.73087449369727e-26
PP.H1.abf	1.32118982116879e-14
PP.H2.abf	6.6083422281036e-12
PP.H3.abf	0.999999999182897
PP.H4.abf	8.10478663585983e-10
