nsnps	456
PP.H0.abf	2.65708636721776e-19
PP.H1.abf	4.13232246695377e-14
PP.H2.abf	6.40545040097669e-06
PP.H3.abf	0.996177072796878
PP.H4.abf	0.00381652175268026
