nsnps	241
PP.H0.abf	3.93412108418005e-50
PP.H1.abf	4.68470914168131e-52
PP.H2.abf	0.983357568349934
PP.H3.abf	0.0117047786760814
PP.H4.abf	0.0049376529739798
