nsnps	30
PP.H0.abf	9.58921220605763e-08
PP.H1.abf	1.31694042503125e-10
PP.H2.abf	0.936263351055343
PP.H3.abf	0.00122330985583472
PP.H4.abf	0.0625132430650057
