nsnps	660
PP.H0.abf	4.05805250995446e-09
PP.H1.abf	7.85233732047047e-05
PP.H2.abf	5.00907073851748e-05
PP.H3.abf	0.96922524704185
PP.H4.abf	0.0306461348195075
