nsnps	99
PP.H0.abf	1.2615275356947e-47
PP.H1.abf	8.33972938797455e-07
PP.H2.abf	1.30950292901249e-41
PP.H3.abf	0.865554154858374
PP.H4.abf	0.134445011168693
