nsnps	142
PP.H0.abf	2.73403501078245e-47
PP.H1.abf	5.35602043234468e-40
PP.H2.abf	2.16573463967315e-09
PP.H3.abf	0.0414685733323116
PP.H4.abf	0.958531424501958
