nsnps	507
PP.H0.abf	8.81424659611598e-38
PP.H1.abf	7.07629899445985e-28
PP.H2.abf	1.24560118757821e-10
PP.H3.abf	0.999999981266442
PP.H4.abf	1.86089936134663e-08
