nsnps	99
PP.H0.abf	6.76771474266677e-46
PP.H1.abf	4.47401328404342e-05
PP.H2.abf	1.36046462221143e-41
PP.H3.abf	0.899277772060536
PP.H4.abf	0.100677487806625
