nsnps	508
PP.H0.abf	1.68719720098473e-12
PP.H1.abf	5.43605154600459e-05
PP.H2.abf	1.78268908787784e-08
PP.H3.abf	0.573946087293888
PP.H4.abf	0.425999534362074
