nsnps	213
PP.H0.abf	4.53976229457377e-87
PP.H1.abf	7.39957693603255e-71
PP.H2.abf	7.98506980680379e-18
PP.H3.abf	0.129281775543019
PP.H4.abf	0.870718224456994
