nsnps	557
PP.H0.abf	2.98195930827672e-09
PP.H1.abf	7.61465627722927e-05
PP.H2.abf	1.29015155699382e-05
PP.H3.abf	0.328778723940794
PP.H4.abf	0.671132224998905
