nsnps	173
PP.H0.abf	7.87350543119743e-32
PP.H1.abf	1.10742845758081e-26
PP.H2.abf	2.36962613592653e-07
PP.H3.abf	0.0323617530685512
PP.H4.abf	0.96763800996883
