nsnps	507
PP.H0.abf	1.3727689984274e-13
PP.H1.abf	0.00110209350025197
PP.H2.abf	1.18342313930358e-10
PP.H3.abf	0.950033014410628
PP.H4.abf	0.0488648919706411
