nsnps	399
PP.H0.abf	6.63892546853148e-30
PP.H1.abf	9.30995977879568e-25
PP.H2.abf	2.14423417369087e-07
PP.H3.abf	0.0290983228537793
PP.H4.abf	0.970901462722804
