nsnps	380
PP.H0.abf	2.18207963802273e-95
PP.H1.abf	2.53975905595852e-83
PP.H2.abf	8.57471023963667e-13
PP.H3.abf	0.998022916410721
PP.H4.abf	0.00197708358842754
