nsnps	244
PP.H0.abf	3.47058697930428e-104
PP.H1.abf	5.94690619349092e-57
PP.H2.abf	5.83595379914172e-48
PP.H3.abf	1
PP.H4.abf	9.12445917181133e-36
