nsnps	496
PP.H0.abf	6.01918109167278e-108
PP.H1.abf	2.26316104278305e-93
PP.H2.abf	2.64449683426262e-15
PP.H3.abf	0.994302684824314
PP.H4.abf	0.00569731517568416
