nsnps	33
PP.H0.abf	9.50017768567152e-114
PP.H1.abf	7.64258891290536e-100
PP.H2.abf	2.22372886998323e-16
PP.H3.abf	0.0169060931898415
PP.H4.abf	0.983093906810183
