nsnps	23
PP.H0.abf	5.40942308641594e-38
PP.H1.abf	2.52416085581414e-38
PP.H2.abf	0.386996633382515
PP.H3.abf	0.180148648653264
PP.H4.abf	0.432854717964225
