nsnps	308
PP.H0.abf	6.74585690305374e-26
PP.H1.abf	1.1696160225878e-27
PP.H2.abf	0.977599718553063
PP.H3.abf	0.0169444485443959
PP.H4.abf	0.00545583290254169
