nsnps	858
PP.H0.abf	6.47884695723926e-52
PP.H1.abf	0.00011101607689547
PP.H2.abf	5.83421518893188e-48
PP.H3.abf	0.999701899280381
PP.H4.abf	0.000187084642723303
