nsnps	444
PP.H0.abf	3.08394553743381e-31
PP.H1.abf	1.40618376508e-26
PP.H2.abf	2.19276397001263e-05
PP.H3.abf	0.99983239281914
PP.H4.abf	0.000145679541162677
