nsnps	210
PP.H0.abf	2.87065419867611e-80
PP.H1.abf	5.64212126102432e-75
PP.H2.abf	5.09761051388868e-09
PP.H3.abf	1.91070279734446e-06
PP.H4.abf	0.999998084199591
