nsnps	35
PP.H0.abf	2.59714699828824e-11
PP.H1.abf	2.150497291036e-12
PP.H2.abf	0.0363734271902703
PP.H3.abf	0.00205022686313847
PP.H4.abf	0.961576345918471
