nsnps	550
PP.H0.abf	5.09060147298837e-36
PP.H1.abf	2.61835031504865e-37
PP.H2.abf	0.935920673228957
PP.H3.abf	0.048123113454831
PP.H4.abf	0.0159562133162072
