nsnps	10
PP.H0.abf	1.19622221725804e-132
PP.H1.abf	2.22143158979783e-25
PP.H2.abf	2.78121456575989e-108
PP.H3.abf	0.515998455079788
PP.H4.abf	0.484001544920218
