nsnps	109
PP.H0.abf	1.06448728250516e-36
PP.H1.abf	3.97225181947926e-27
PP.H2.abf	2.67980657631551e-10
PP.H3.abf	0.999999409790053
PP.H4.abf	5.89941960674068e-07
