nsnps	393
PP.H0.abf	9.3744671811489e-39
PP.H1.abf	2.93435815130199e-39
PP.H2.abf	0.626906806416544
PP.H3.abf	0.196054818002803
PP.H4.abf	0.177038375580656
