nsnps	5
PP.H0.abf	7.270057560242e-08
PP.H1.abf	1.23305204372266e-11
PP.H2.abf	0.947911441629562
PP.H3.abf	0.000108792643474916
PP.H4.abf	0.0519796930140554
