nsnps	502
PP.H0.abf	1.50929362784774e-06
PP.H1.abf	0.000422164944444696
PP.H2.abf	0.00317490853204175
PP.H3.abf	0.887946101674609
PP.H4.abf	0.108455315555276
