nsnps	16
PP.H0.abf	4.14885534384099e-51
PP.H1.abf	6.38447758556791e-14
PP.H2.abf	6.49834741863632e-38
PP.H3.abf	0.999999999978442
PP.H4.abf	2.15011987063774e-11
