nsnps	36
PP.H0.abf	1.40711283177518e-59
PP.H1.abf	2.52296034222541e-58
PP.H2.abf	0.0527573726686813
PP.H3.abf	0.945941027951891
PP.H4.abf	0.00130159937943756
