nsnps	32
PP.H0.abf	5.20701753404507e-77
PP.H1.abf	2.4783436045992e-79
PP.H2.abf	0.565309145978517
PP.H3.abf	0.00225822531011233
PP.H4.abf	0.432432628711379
