nsnps	496
PP.H0.abf	1.79844721507563e-53
PP.H1.abf	6.76200900533072e-39
PP.H2.abf	2.62911057533455e-15
PP.H3.abf	0.988511791061992
PP.H4.abf	0.0114882089380117
