nsnps	922
PP.H0.abf	3.14577006378061e-09
PP.H1.abf	8.57992333902277e-10
PP.H2.abf	0.453493130420969
PP.H3.abf	0.123264637524649
PP.H4.abf	0.423242228050621
