nsnps	380
PP.H0.abf	1.69215879586781e-35
PP.H1.abf	3.02652471152824e-22
PP.H2.abf	5.50732354520827e-14
PP.H3.abf	0.985001942708373
PP.H4.abf	0.0149980572915729
