nsnps	284
PP.H0.abf	2.01073745674411e-80
PP.H1.abf	6.27227734637317e-82
PP.H2.abf	0.941403204609601
PP.H3.abf	0.0293367916121146
PP.H4.abf	0.0292600037782968
