nsnps	149
PP.H0.abf	7.86548745209859e-124
PP.H1.abf	5.86991545979919e-126
PP.H2.abf	0.958879897934833
PP.H3.abf	0.00712200332043876
PP.H4.abf	0.0339980987447195
