nsnps	445
PP.H0.abf	2.85695328867394e-18
PP.H1.abf	3.74933858316482e-20
PP.H2.abf	0.767865763670262
PP.H3.abf	0.00985484979101426
PP.H4.abf	0.222279386538726
