nsnps	259
PP.H0.abf	2.56315185500703e-25
PP.H1.abf	8.16034735487115e-26
PP.H2.abf	0.709906267499421
PP.H3.abf	0.225949844353665
PP.H4.abf	0.0641438881469111
