nsnps	134
PP.H0.abf	6.52985600586367e-07
PP.H1.abf	1.47513530992616e-06
PP.H2.abf	0.0119734563511464
PP.H3.abf	0.0260868491596716
PP.H4.abf	0.961937566368271
