nsnps	158
PP.H0.abf	5.07107584091862e-124
PP.H1.abf	9.78763488778787e-15
PP.H2.abf	5.18110442312018e-110
PP.H3.abf	0.999999999996362
PP.H4.abf	3.60949212877608e-12
