nsnps	358
PP.H0.abf	1.87688226211779e-08
PP.H1.abf	2.72042052073503e-06
PP.H2.abf	0.00591211856362696
PP.H3.abf	0.856786387196428
PP.H4.abf	0.137298755050602
