nsnps	301
PP.H0.abf	2.34876284906672e-120
PP.H1.abf	4.20089921409943e-107
PP.H2.abf	5.52373807759502e-14
PP.H3.abf	0.987940681771865
PP.H4.abf	0.0120593182281002
