nsnps	442
PP.H0.abf	2.1735083279887e-15
PP.H1.abf	8.22360606285929e-12
PP.H2.abf	1.57789552920212e-05
PP.H3.abf	0.05875944935692
PP.H4.abf	0.941224771679564
