nsnps	113
PP.H0.abf	1.21503601298844e-27
PP.H1.abf	2.50153199935765e-20
PP.H2.abf	5.6673528315127e-10
PP.H3.abf	0.0106786986658259
PP.H4.abf	0.98932130076744
