nsnps	614
PP.H0.abf	2.04574090424591e-83
PP.H1.abf	1.79195218851004e-82
PP.H2.abf	0.10241237005974
PP.H3.abf	0.897073354062764
PP.H4.abf	0.000514275877495178
