nsnps	380
PP.H0.abf	2.61349923539739e-34
PP.H1.abf	3.04189555467182e-22
PP.H2.abf	8.50593095023707e-13
PP.H3.abf	0.99000956631347
PP.H4.abf	0.0099904336856749
