nsnps	158
PP.H0.abf	1.62971328873114e-130
PP.H1.abf	3.14549400211433e-21
PP.H2.abf	5.18110442313844e-110
PP.H3.abf	0.999999999999886
PP.H4.abf	9.87571436578548e-14
