nsnps	106
PP.H0.abf	2.96137408280417e-45
PP.H1.abf	1.08973665822616e-41
PP.H2.abf	2.98106024262938e-05
PP.H3.abf	0.10880692065917
PP.H4.abf	0.891163268738408
