nsnps	9
PP.H0.abf	1.02447560994486e-91
PP.H1.abf	9.23238390940324e-16
PP.H2.abf	1.10965445233263e-76
PP.H3.abf	0.999999981558915
PP.H4.abf	1.84410709377054e-08
