nsnps	261
PP.H0.abf	4.6343155382611e-63
PP.H1.abf	1.2951432548902e-51
PP.H2.abf	3.5782262083521e-12
PP.H3.abf	0.99999999999082
PP.H4.abf	5.6036417841185e-12
