nsnps	766
PP.H0.abf	2.02689663450454e-155
PP.H1.abf	6.29232962963314e-146
PP.H2.abf	4.73312684812671e-11
PP.H3.abf	0.146082012539508
PP.H4.abf	0.853917987413186
