nsnps	354
PP.H0.abf	5.79809019566849e-48
PP.H1.abf	1.67309513765682e-42
PP.H2.abf	4.09136610399231e-07
PP.H3.abf	0.117177513377062
PP.H4.abf	0.882822077486329
