nsnps	123
PP.H0.abf	4.43930512642052e-52
PP.H1.abf	8.46264273591316e-45
PP.H2.abf	1.89149227570395e-09
PP.H3.abf	0.0350925901308971
PP.H4.abf	0.96490740797761
