nsnps	80
PP.H0.abf	4.23905460481863e-19
PP.H1.abf	1.63209050826935e-14
PP.H2.abf	2.59724652366299e-05
PP.H3.abf	0.999973293804021
PP.H4.abf	7.33730725702085e-07
