nsnps	250
PP.H0.abf	4.39672375569621e-09
PP.H1.abf	3.41799958715216e-11
PP.H2.abf	0.97659317818908
PP.H3.abf	0.00757617482638528
PP.H4.abf	0.01583064255363
