nsnps	352
PP.H0.abf	1.81454940289571e-25
PP.H1.abf	7.97829050642525e-24
PP.H2.abf	0.00503330892980862
PP.H3.abf	0.220532303177442
PP.H4.abf	0.774434387892748
