nsnps	53
PP.H0.abf	4.37354913160094e-64
PP.H1.abf	5.46161635489962e-25
PP.H2.abf	8.00779265222005e-40
PP.H3.abf	1
PP.H4.abf	1.24077370807502e-21
