nsnps	309
PP.H0.abf	1.21315957830107e-34
PP.H1.abf	1.16303858860847e-35
PP.H2.abf	0.764622338815758
PP.H3.abf	0.0731410040426657
PP.H4.abf	0.162236657141569
