nsnps	22
PP.H0.abf	3.94206201234737e-52
PP.H1.abf	6.05675786689201e-50
PP.H2.abf	1.74122070045657e-05
PP.H3.abf	0.001676982643095
PP.H4.abf	0.998305605149907
