nsnps	91
PP.H0.abf	3.1575850929485e-09
PP.H1.abf	2.2420014256373e-05
PP.H2.abf	1.75572271298085e-05
PP.H3.abf	0.123786589715197
PP.H4.abf	0.876173429885832
