nsnps	3
PP.H0.abf	2.18704108107573e-05
PP.H1.abf	5.68028172265741e-08
PP.H2.abf	0.499769650527649
PP.H3.abf	0.000798614466188988
PP.H4.abf	0.499409807792535
