nsnps	479
PP.H0.abf	0.000193338931778857
PP.H1.abf	8.60183134102326e-06
PP.H2.abf	0.525320989664282
PP.H3.abf	0.0229204694652904
PP.H4.abf	0.451556600107307
