nsnps	145
PP.H0.abf	2.67795661844873e-125
PP.H1.abf	5.55971169069797e-120
PP.H2.abf	4.7288456162817e-06
PP.H3.abf	0.98173843314073
PP.H4.abf	0.0182568380136741
