nsnps	35
PP.H0.abf	1.42877007143051e-19
PP.H1.abf	4.42190678348283e-15
PP.H2.abf	3.23062605869932e-05
PP.H3.abf	0.999847761088253
PP.H4.abf	0.000119932651156104
