nsnps	80
PP.H0.abf	5.15153217717874e-48
PP.H1.abf	3.64508191834288e-08
PP.H2.abf	1.41509496023687e-43
PP.H3.abf	1.28343846908862e-06
PP.H4.abf	0.999998680110711
