nsnps	5
PP.H0.abf	0.300704091293631
PP.H1.abf	5.80352751650506e-05
PP.H2.abf	0.674905923103399
PP.H3.abf	0.000106029543280916
PP.H4.abf	0.0242259207845235
