nsnps	700
PP.H0.abf	5.97325553299144e-21
PP.H1.abf	1.15616590324945e-16
PP.H2.abf	9.54901885715846e-07
PP.H3.abf	0.01750030339384
PP.H4.abf	0.982498741704273
