nsnps	319
PP.H0.abf	5.06902084250444e-10
PP.H1.abf	4.27506613926936e-09
PP.H2.abf	0.10021446011867
PP.H3.abf	0.845125224384374
PP.H4.abf	0.0546603107149884
