nsnps	194
PP.H0.abf	9.08197379879674e-08
PP.H1.abf	1.3013432943465e-05
PP.H2.abf	7.67007869342621e-05
PP.H3.abf	0.0100004384827152
PP.H4.abf	0.98990975647767
