nsnps	49
PP.H0.abf	8.60844409856698e-65
PP.H1.abf	1.30136179346244e-66
PP.H2.abf	0.455488455959213
PP.H3.abf	0.00634757830268405
PP.H4.abf	0.538163965738113
