nsnps	65
PP.H0.abf	1.48628227054727e-08
PP.H1.abf	6.61706360528127e-10
PP.H2.abf	0.473298548133678
PP.H3.abf	0.020565545170695
PP.H4.abf	0.506135891171096
