nsnps	332
PP.H0.abf	2.3670162717377e-09
PP.H1.abf	3.05596477793202e-06
PP.H2.abf	5.12586348295147e-05
PP.H3.abf	0.0652433736397332
PP.H4.abf	0.934702309393642
