nsnps	359
PP.H0.abf	4.71779241559553e-19
PP.H1.abf	1.74365645881252e-15
PP.H2.abf	1.91598863410226e-05
PP.H3.abf	0.0698832333448021
PP.H4.abf	0.930097606768857
