nsnps	51
PP.H0.abf	6.79709792543469e-12
PP.H1.abf	9.24671518469215e-07
PP.H2.abf	1.94868137147469e-07
PP.H3.abf	0.0255352347953709
PP.H4.abf	0.974463645658177
