nsnps	18
PP.H0.abf	1.09701919543096e-21
PP.H1.abf	6.26409756010034e-19
PP.H2.abf	0.00174819594769951
PP.H3.abf	0.998238670033219
PP.H4.abf	1.31340190830895e-05
