nsnps	172
PP.H0.abf	5.96754809223581e-23
PP.H1.abf	1.56748570409016e-25
PP.H2.abf	0.977446416296454
PP.H3.abf	0.00254743572325031
PP.H4.abf	0.0200061479802977
