nsnps	10
PP.H0.abf	4.21819844747885e-28
PP.H1.abf	5.89870452120588e-28
PP.H2.abf	0.000980730402273021
PP.H3.abf	0.000372801302596143
PP.H4.abf	0.998646468295129
