nsnps	40
PP.H0.abf	1.19534242027531e-13
PP.H1.abf	1.86665941879976e-11
PP.H2.abf	9.37336555251246e-06
PP.H3.abf	0.000464228321497398
PP.H4.abf	0.999526398294164
