nsnps	9
PP.H0.abf	2.38164200455604e-80
PP.H1.abf	2.4354532045277e-82
PP.H2.abf	0.658609717069803
PP.H3.abf	0.00639991413365287
PP.H4.abf	0.334990368796539
