nsnps	84
PP.H0.abf	1.57776129600683e-160
PP.H1.abf	1.72740078629913e-163
PP.H2.abf	0.984388625808138
PP.H3.abf	0.0010632027472454
PP.H4.abf	0.0145481714446111
