nsnps	6
PP.H0.abf	2.31803467572728e-50
PP.H1.abf	2.54119551868918e-08
PP.H2.abf	1.13950470209246e-45
PP.H3.abf	0.000249456092952218
PP.H4.abf	0.999750518495099
