nsnps	766
PP.H0.abf	1.14887900404928e-41
PP.H1.abf	3.56659795816866e-32
PP.H2.abf	4.10166940620317e-11
PP.H3.abf	0.126459326213774
PP.H4.abf	0.873540673745209
