nsnps	579
PP.H0.abf	9.35157921515949e-69
PP.H1.abf	3.80330945069383e-52
PP.H2.abf	1.5666554891235e-17
PP.H3.abf	0.636799303161939
PP.H4.abf	0.363200696838067
