nsnps	112
PP.H0.abf	1.05842285084597e-14
PP.H1.abf	2.40752867836583e-17
PP.H2.abf	0.980633343294675
PP.H3.abf	0.00221343249590867
PP.H4.abf	0.0171532242094074
