nsnps	66
PP.H0.abf	1.8721162391193e-09
PP.H1.abf	2.31530946408017e-06
PP.H2.abf	5.61257588314134e-05
PP.H3.abf	0.0684811636123059
PP.H4.abf	0.931460393447281
