nsnps	262
PP.H0.abf	3.51992770369686e-22
PP.H1.abf	1.2142317519173e-11
PP.H2.abf	1.47634971318839e-12
PP.H3.abf	0.0499780325151426
PP.H4.abf	0.950021967471236
