nsnps	3
PP.H0.abf	5.21305855214984e-19
PP.H1.abf	3.55399649851127e-05
PP.H2.abf	2.97099723737478e-17
PP.H3.abf	0.00102653592643204
PP.H4.abf	0.998937924108585
