nsnps	89
PP.H0.abf	3.33483082323089e-29
PP.H1.abf	1.77160320097101e-29
PP.H2.abf	0.323206572065485
PP.H3.abf	0.171195405115729
PP.H4.abf	0.505598022818792
