nsnps	49
PP.H0.abf	1.98322621236172e-27
PP.H1.abf	2.57039393501702e-24
PP.H2.abf	0.000770952477381177
PP.H3.abf	0.999205997773802
PP.H4.abf	2.30497488165165e-05
