nsnps	158
PP.H0.abf	8.76450223606843e-128
PP.H1.abf	1.69162817814018e-18
PP.H2.abf	5.18110442312107e-110
PP.H3.abf	0.999999999996533
PP.H4.abf	3.47574954841588e-12
