nsnps	92
PP.H0.abf	1.30312333103988e-26
PP.H1.abf	3.59431884390852e-26
PP.H2.abf	0.0498922548688055
PP.H3.abf	0.136801198211377
PP.H4.abf	0.813306546919816
