nsnps	313
PP.H0.abf	8.79523167227523e-45
PP.H1.abf	5.49217907660737e-47
PP.H2.abf	0.956041631830679
PP.H3.abf	0.00593197194191506
PP.H4.abf	0.0380263962273991
