nsnps	213
PP.H0.abf	1.91132944119432e-244
PP.H1.abf	3.11536779516534e-228
PP.H2.abf	7.65999832886666e-18
PP.H3.abf	0.123977975357725
PP.H4.abf	0.8760220246423
