nsnps	195
PP.H0.abf	4.86067548034166e-34
PP.H1.abf	5.65740605452288e-22
PP.H2.abf	8.73936216391328e-14
PP.H3.abf	0.100819439863615
PP.H4.abf	0.899180560136291
