nsnps	44
PP.H0.abf	6.86294626924403e-84
PP.H1.abf	3.36498838047923e-18
PP.H2.abf	2.03319653303516e-66
PP.H3.abf	0.996898584899226
PP.H4.abf	0.00310141510078348
