nsnps	593
PP.H0.abf	1.70981312878906e-71
PP.H1.abf	1.75426083883464e-67
PP.H2.abf	7.93868593702151e-06
PP.H3.abf	0.080531111727832
PP.H4.abf	0.919460949586219
