nsnps	508
PP.H0.abf	1.64605389244712e-25
PP.H1.abf	5.30349019167499e-18
PP.H2.abf	3.02277757834721e-08
PP.H3.abf	0.973895302884745
PP.H4.abf	0.0261046668874787
