nsnps	128
PP.H0.abf	1.09737134714803e-43
PP.H1.abf	1.61584494878853e-44
PP.H2.abf	0.474202856476842
PP.H3.abf	0.0693684571492722
PP.H4.abf	0.456428686373891
