nsnps	205
PP.H0.abf	5.39431911600521e-36
PP.H1.abf	6.27848262806495e-24
PP.H2.abf	8.5183654685245e-13
PP.H3.abf	0.991449471577733
PP.H4.abf	0.00855052842141488
