nsnps	132
PP.H0.abf	6.78830524034619e-09
PP.H1.abf	2.37092707412311e-11
PP.H2.abf	0.980275105894596
PP.H3.abf	0.00340745434272139
PP.H4.abf	0.0163174329506682
