nsnps	282
PP.H0.abf	7.86616259998582e-35
PP.H1.abf	6.9337541813345e-37
PP.H2.abf	0.980984610787508
PP.H3.abf	0.00863666621208004
PP.H4.abf	0.0103787230004169
