nsnps	4
PP.H0.abf	9.68127862750173e-10
PP.H1.abf	3.9994469741325e-08
PP.H2.abf	4.74334858431415e-05
PP.H3.abf	0.000960539587572218
PP.H4.abf	0.998991985963988
