nsnps	191
PP.H0.abf	2.79655072892477e-26
PP.H1.abf	5.00179392093711e-13
PP.H2.abf	5.5910951018064e-14
PP.H3.abf	0.99999993565463
PP.H4.abf	6.43448124627518e-08
