nsnps	427
PP.H0.abf	2.65052306935077e-45
PP.H1.abf	1.24246490289267e-08
PP.H2.abf	2.13327799275004e-37
PP.H3.abf	0.999999986701568
PP.H4.abf	8.737862855215e-10
