nsnps	4
PP.H0.abf	1.72497868780106e-09
PP.H1.abf	5.29868817921629e-05
PP.H2.abf	6.50413954950303e-08
PP.H3.abf	0.000998955379698345
PP.H4.abf	0.998947990972136
