nsnps	393
PP.H0.abf	2.16397848803791e-33
PP.H1.abf	6.77359874744153e-34
PP.H2.abf	0.626906806416544
PP.H3.abf	0.196054818002803
PP.H4.abf	0.177038375580656
