nsnps	507
PP.H0.abf	6.78292280109589e-28
PP.H1.abf	5.44550112973287e-18
PP.H2.abf	1.24560119525196e-10
PP.H3.abf	0.99999998743327
PP.H4.abf	1.2442166351757e-08
