nsnps	25
PP.H0.abf	1.52625097108128e-09
PP.H1.abf	0.000539519802290088
PP.H2.abf	6.568533619645e-07
PP.H3.abf	0.231425361445939
PP.H4.abf	0.768034460372158
