nsnps	60
PP.H0.abf	6.6778588094148e-65
PP.H1.abf	9.5923014321358e-68
PP.H2.abf	0.962939884858835
PP.H3.abf	0.00134748667241637
PP.H4.abf	0.0357126284687619
