nsnps	41
PP.H0.abf	1.89663108990986e-65
PP.H1.abf	4.35103096349203e-64
PP.H2.abf	6.93777700565499e-05
PP.H3.abf	0.000592245919127616
PP.H4.abf	0.999338376310812
