nsnps	137
PP.H0.abf	3.29154023383814e-49
PP.H1.abf	9.56358184826014e-31
PP.H2.abf	3.44174419800354e-19
PP.H3.abf	1
PP.H4.abf	4.57414815830999e-19
