nsnps	380
PP.H0.abf	1.40798751222404e-96
PP.H1.abf	2.51826779476916e-83
PP.H2.abf	5.53283424123233e-14
PP.H3.abf	0.989569246802493
PP.H4.abf	0.0104307531974618
