nsnps	374
PP.H0.abf	5.59143317075779e-21
PP.H1.abf	0.000261597883321834
PP.H2.abf	2.13357362631197e-17
PP.H3.abf	0.998201119369701
PP.H4.abf	0.00153728274697488
