nsnps	106
PP.H0.abf	2.3354743042013e-43
PP.H1.abf	9.86621454860657e-41
PP.H2.abf	0.0023509997052937
PP.H3.abf	0.993175689468626
PP.H4.abf	0.00447331082608135
