nsnps	29
PP.H0.abf	4.03298277009655e-08
PP.H1.abf	2.79157307303937e-05
PP.H2.abf	6.75942451245817e-06
PP.H3.abf	0.00368249431694268
PP.H4.abf	0.996282790197986
