nsnps	484
PP.H0.abf	5.82954734203706e-11
PP.H1.abf	0.000562165201419007
PP.H2.abf	1.00524893077095e-07
PP.H3.abf	0.969369328298554
PP.H4.abf	0.0300684059168383
