nsnps	89
PP.H0.abf	1.07352204998416e-26
PP.H1.abf	4.65752035469906e-25
PP.H2.abf	0.00513279308182052
PP.H3.abf	0.22191542481333
PP.H4.abf	0.772951782104849
