nsnps	81
PP.H0.abf	4.56645938747431e-09
PP.H1.abf	5.66285372139983e-05
PP.H2.abf	7.81027811667041e-05
PP.H3.abf	0.968519094012771
PP.H4.abf	0.0313461701023878
