nsnps	858
PP.H0.abf	1.37654936978898e-96
PP.H1.abf	2.35873932036855e-49
PP.H2.abf	5.83595379914164e-48
PP.H3.abf	1
PP.H4.abf	5.66841174583475e-35
