nsnps	437
PP.H0.abf	7.73944606882155e-13
PP.H1.abf	7.16266197464643e-10
PP.H2.abf	1.15515175626204e-05
PP.H3.abf	0.00970034981844852
PP.H4.abf	0.990288097946949
