nsnps	332
PP.H0.abf	1.29337955255424e-26
PP.H1.abf	3.0327955402414e-19
PP.H2.abf	5.17921357753806e-10
PP.H3.abf	0.0111556927000812
PP.H4.abf	0.988844306781994
