nsnps	37
PP.H0.abf	4.72088245046836e-150
PP.H1.abf	2.97822340684701e-133
PP.H2.abf	1.5851337544439e-17
PP.H3.abf	1
PP.H4.abf	1.21859547339093e-18
