nsnps	142
PP.H0.abf	1.71044981926447e-46
PP.H1.abf	4.08292098284263e-22
PP.H2.abf	4.18927974960122e-25
PP.H3.abf	1
PP.H4.abf	1.05657816902701e-15
