nsnps	261
PP.H0.abf	3.70248411656751e-56
PP.H1.abf	1.03472611873765e-44
PP.H2.abf	3.57822620837158e-12
PP.H3.abf	0.999999999996263
PP.H4.abf	1.62138982223228e-13
