nsnps	380
PP.H0.abf	8.28923325483048e-45
PP.H1.abf	1.48257771945688e-31
PP.H2.abf	5.52465497892978e-14
PP.H3.abf	0.9881048736562
PP.H4.abf	0.011895126343743
