nsnps	260
PP.H0.abf	1.38314493080448e-09
PP.H1.abf	0.000168825236003902
PP.H2.abf	4.44250858714776e-06
PP.H3.abf	0.541789954718386
PP.H4.abf	0.458036776153877
