nsnps	496
PP.H0.abf	2.66902822930205e-23
PP.H1.abf	1.00353197862765e-08
PP.H2.abf	8.09173160075241e-17
PP.H3.abf	0.0294536782606619
PP.H4.abf	0.970546311704018
