nsnps	610
PP.H0.abf	1.17846341570168e-57
PP.H1.abf	2.48504260173487e-55
PP.H2.abf	0.00267713734300127
PP.H3.abf	0.564098543015045
PP.H4.abf	0.433224319641944
