nsnps	176
PP.H0.abf	2.40008392632114e-10
PP.H1.abf	8.89869360791039e-06
PP.H2.abf	2.66362002614622e-05
PP.H3.abf	0.987567171930763
PP.H4.abf	0.0123972929353577
