nsnps	16
PP.H0.abf	1.53283612446603e-44
PP.H1.abf	4.51282982367169e-07
PP.H2.abf	4.38228338986837e-40
PP.H3.abf	0.0119138147770939
PP.H4.abf	0.988085733939926
