nsnps	92
PP.H0.abf	4.10472079002518e-46
PP.H1.abf	1.13217797066048e-45
PP.H2.abf	0.0494127555435497
PP.H3.abf	0.135476823081111
PP.H4.abf	0.815110421375333
