nsnps	245
PP.H0.abf	7.23756867468501e-26
PP.H1.abf	2.05344116441628e-13
PP.H2.abf	3.52460484370032e-13
PP.H3.abf	0.99999999995439
PP.H4.abf	4.50542904153216e-11
