nsnps	48
PP.H0.abf	6.39635942160938e-67
PP.H1.abf	2.62920785656283e-64
PP.H2.abf	0.00242674160937396
PP.H3.abf	0.997506121095109
PP.H4.abf	6.71372955219669e-05
