nsnps	423
PP.H0.abf	2.49328546073853e-11
PP.H1.abf	2.68213898887727e-13
PP.H2.abf	0.975801753642333
PP.H3.abf	0.0104834222670227
PP.H4.abf	0.0137148240654425
