nsnps	578
PP.H0.abf	0.0249934092697673
PP.H1.abf	0.000721297605041059
PP.H2.abf	0.929401583861314
PP.H3.abf	0.0268039968328219
PP.H4.abf	0.018079712431056
