nsnps	364
PP.H0.abf	1.1492551867749e-25
PP.H1.abf	8.2772141580972e-18
PP.H2.abf	1.3884564745399e-08
PP.H3.abf	0.999999975731683
PP.H4.abf	1.03837496033768e-08
