nsnps	535
PP.H0.abf	1.77256542177094e-10
PP.H1.abf	0.000832834968978007
PP.H2.abf	2.06177442139122e-07
PP.H3.abf	0.968688540462033
PP.H4.abf	0.0304784182142901
