nsnps	33
PP.H0.abf	3.59711954045959e-59
PP.H1.abf	3.41158079448724e-62
PP.H2.abf	0.960781958230102
PP.H3.abf	0.000872879844505409
PP.H4.abf	0.0383451619254055
