nsnps	72
PP.H0.abf	1.09162698186362e-61
PP.H1.abf	3.17172576517177e-43
PP.H2.abf	3.4417445349488e-19
PP.H3.abf	1
PP.H4.abf	7.93630760915082e-19
