nsnps	653
PP.H0.abf	1.42536216752026e-07
PP.H1.abf	2.72297838434078e-09
PP.H2.abf	0.924256418946358
PP.H3.abf	0.01759863259505
PP.H4.abf	0.0581448031993968
