nsnps	352
PP.H0.abf	1.1513718316522e-13
PP.H1.abf	0.000584710007955659
PP.H2.abf	1.91462357122981e-10
PP.H3.abf	0.972290881634598
PP.H4.abf	0.0271244081658698
