nsnps	715
PP.H0.abf	1.56079594294496e-10
PP.H1.abf	9.62006201176552e-10
PP.H2.abf	0.0733535506052758
PP.H3.abf	0.451644128817224
PP.H4.abf	0.475002319459415
