nsnps	442
PP.H0.abf	2.31118029860392e-13
PP.H1.abf	8.74449666063528e-10
PP.H2.abf	1.5700160321231e-05
PP.H3.abf	0.0584610251051536
PP.H4.abf	0.941523273859844
