nsnps	4
PP.H0.abf	5.7213376333351e-91
PP.H1.abf	4.04826052497368e-51
PP.H2.abf	1.41328296389033e-43
PP.H3.abf	0
PP.H4.abf	1
