nsnps	758
PP.H0.abf	1.39212760221806e-08
PP.H1.abf	2.99773602756794e-08
PP.H2.abf	0.315353400799434
PP.H3.abf	0.679060218756561
PP.H4.abf	0.00558633654536919
