nsnps	35
PP.H0.abf	9.62670435094102e-59
PP.H1.abf	1.84326832620441e-61
PP.H2.abf	0.93581173906012
PP.H3.abf	0.00172938189534379
PP.H4.abf	0.0624588790445411
