nsnps	217
PP.H0.abf	1.30420011089448e-21
PP.H1.abf	2.27098496803454e-17
PP.H2.abf	1.09421899371145e-06
PP.H3.abf	0.0180715512159303
PP.H4.abf	0.981927354565077
