nsnps	52
PP.H0.abf	1.00827784290817e-08
PP.H1.abf	1.42321025501109e-11
PP.H2.abf	0.964586977869852
PP.H3.abf	0.00132745391079522
PP.H4.abf	0.034085558122342
