nsnps	218
PP.H0.abf	1.89128868450057e-11
PP.H1.abf	1.38955234083577e-06
PP.H2.abf	6.30698294170031e-07
PP.H3.abf	0.0453835410320792
PP.H4.abf	0.954614438698373
