nsnps	19
PP.H0.abf	2.15529094596849e-26
PP.H1.abf	2.07575392519352e-24
PP.H2.abf	0.000181317085100601
PP.H3.abf	0.016479251956354
PP.H4.abf	0.983339430958542
