nsnps	1144
PP.H0.abf	4.37307860262622e-25
PP.H1.abf	1.52763437298065e-08
PP.H2.abf	1.40873893410087e-17
PP.H3.abf	0.491602129725323
PP.H4.abf	0.50839785499833
