nsnps	547
PP.H0.abf	3.61495752862469e-68
PP.H1.abf	4.88323590621562e-67
PP.H2.abf	0.0688665074737975
PP.H3.abf	0.930276745046801
PP.H4.abf	0.000856747479405478
