nsnps	195
PP.H0.abf	3.13035248824359e-35
PP.H1.abf	5.59881802014291e-22
PP.H2.abf	5.6282885385191e-15
PP.H3.abf	0.0997649885068503
PP.H4.abf	0.900235011493148
