nsnps	1213
PP.H0.abf	1.92742282607749e-05
PP.H1.abf	5.90443595462028e-07
PP.H2.abf	0.922316452105652
PP.H3.abf	0.0282046341767418
PP.H4.abf	0.0494590490457488
