nsnps	479
PP.H0.abf	2.15797851710047e-23
PP.H1.abf	7.19225650228347e-24
PP.H2.abf	0.702619631160235
PP.H3.abf	0.23411054473426
PP.H4.abf	0.0632698241055068
