nsnps	119
PP.H0.abf	2.33733126506221e-12
PP.H1.abf	3.17965305585303e-07
PP.H2.abf	2.17623969609625e-07
PP.H3.abf	0.0286337112138351
PP.H4.abf	0.971365753194554
