nsnps	505
PP.H0.abf	3.43408874298013e-37
PP.H1.abf	7.70488409122349e-23
PP.H2.abf	4.45702842810037e-15
PP.H3.abf	1
PP.H4.abf	8.77420050227648e-17
