nsnps	301
PP.H0.abf	3.64831220817843e-119
PP.H1.abf	4.24633170749644e-107
PP.H2.abf	8.57997267424316e-13
PP.H3.abf	0.998636031548835
PP.H4.abf	0.00136396845030776
