nsnps	301
PP.H0.abf	6.00683825795869e-160
PP.H1.abf	3.0066156429683e-32
PP.H2.abf	1.99787367966597e-128
PP.H3.abf	1
PP.H4.abf	1.56808741235741e-32
