nsnps	201
PP.H0.abf	6.3950106069369e-12
PP.H1.abf	2.03868750632148e-09
PP.H2.abf	0.000149686133117017
PP.H3.abf	0.046765874640731
PP.H4.abf	0.953084437181068
