nsnps	579
PP.H0.abf	2.39271643316571e-93
PP.H1.abf	9.73123449388903e-77
PP.H2.abf	1.57182424022916e-17
PP.H3.abf	0.638903550745535
PP.H4.abf	0.361096449254452
