nsnps	167
PP.H0.abf	5.06130857550913e-08
PP.H1.abf	8.89723068656952e-05
PP.H2.abf	0.000101435707227374
PP.H3.abf	0.177490635855691
PP.H4.abf	0.822318905517131
