nsnps	260
PP.H0.abf	8.06778791811712e-47
PP.H1.abf	9.39016760390057e-35
PP.H2.abf	8.53304396673981e-13
PP.H3.abf	0.993161472692268
PP.H4.abf	0.00683852730687277
