nsnps	105
PP.H0.abf	2.97837621466809e-203
PP.H1.abf	4.31031951821041e-206
PP.H2.abf	0.989656210451019
PP.H3.abf	0.00142331446528987
PP.H4.abf	0.00892047508369806
