nsnps	44
PP.H0.abf	2.01800659789258e-71
PP.H1.abf	9.89453871155972e-06
PP.H2.abf	1.69509499954634e-66
PP.H3.abf	0.830957243449354
PP.H4.abf	0.169032862011942
