nsnps	8
PP.H0.abf	1.75723802173978e-13
PP.H1.abf	4.82951195396403e-15
PP.H2.abf	0.0911696032577189
PP.H3.abf	0.0015984313729154
PP.H4.abf	0.907231965369184
