nsnps	201
PP.H0.abf	2.59833038727522e-15
PP.H1.abf	7.61625032791116e-16
PP.H2.abf	0.741425868467268
PP.H3.abf	0.217286155889467
PP.H4.abf	0.0412879756432631
