nsnps	105
PP.H0.abf	2.61477755497962e-15
PP.H1.abf	5.58314955591546e-18
PP.H2.abf	0.981058057584886
PP.H3.abf	0.00207791985230299
PP.H4.abf	0.0168640225628117
