nsnps	649
PP.H0.abf	1.19219557016685e-45
PP.H1.abf	1.41540536047227e-12
PP.H2.abf	8.42299708179634e-34
PP.H3.abf	0.999999959626351
PP.H4.abf	4.03722301087738e-08
