nsnps	394
PP.H0.abf	1.01033330924013e-13
PP.H1.abf	0.000234815473480407
PP.H2.abf	1.15225379845392e-10
PP.H3.abf	0.267067065364
PP.H4.abf	0.732698119047194
