nsnps	313
PP.H0.abf	8.46798912169663e-139
PP.H1.abf	5.62487418178469e-141
PP.H2.abf	0.971824792897842
PP.H3.abf	0.00643361883819642
PP.H4.abf	0.0217415882639343
