nsnps	226
PP.H0.abf	1.27680375157511e-10
PP.H1.abf	4.48936244403142e-08
PP.H2.abf	3.2112807592205e-05
PP.H3.abf	0.0103014997587997
PP.H4.abf	0.989666342412304
