nsnps	8
PP.H0.abf	1.89555921760157e-212
PP.H1.abf	1.71701630887278e-29
PP.H2.abf	1.10398442832939e-186
PP.H3.abf	2.67110071194865e-11
PP.H4.abf	0.999999999973284
