nsnps	46
PP.H0.abf	1.66415080580498e-05
PP.H1.abf	9.88964892160184e-08
PP.H2.abf	0.978299442216323
PP.H3.abf	0.00579791293516196
PP.H4.abf	0.0158859044439674
