nsnps	207
PP.H0.abf	3.0216994064202e-11
PP.H1.abf	2.54615989406206e-10
PP.H2.abf	0.101464172909874
PP.H3.abf	0.854919015137736
PP.H4.abf	0.0436168116675563
