nsnps	323
PP.H0.abf	4.16300091643537e-107
PP.H1.abf	4.19103915763836e-109
PP.H2.abf	0.979039952386605
PP.H3.abf	0.00984522405242941
PP.H4.abf	0.011114823560974
