nsnps	332
PP.H0.abf	3.14230597604899e-41
PP.H1.abf	7.36827138747866e-34
PP.H2.abf	5.63158708892958e-10
PP.H3.abf	0.0122175076135115
PP.H4.abf	0.987782491823329
