nsnps	67
PP.H0.abf	3.10187554837913e-11
PP.H1.abf	1.0141249346863e-12
PP.H2.abf	0.950415966055874
PP.H3.abf	0.0310543007033597
PP.H4.abf	0.0185297332087347
