nsnps	299
PP.H0.abf	3.74046360155683e-18
PP.H1.abf	1.20884990080818e-09
PP.H2.abf	3.06308576530739e-09
PP.H3.abf	0.98992361044905
PP.H4.abf	0.010076385279014
