nsnps	496
PP.H0.abf	3.60354250075769e-19
PP.H1.abf	9.44937285167393e-09
PP.H2.abf	3.64544517614355e-11
PP.H3.abf	0.955881076153361
PP.H4.abf	0.0441189143608098
