nsnps	153
PP.H0.abf	1.73066158414349e-50
PP.H1.abf	3.64080049448143e-45
PP.H2.abf	4.64092442857231e-06
PP.H3.abf	0.976289636481701
PP.H4.abf	0.0237057225938688
