nsnps	46
PP.H0.abf	0.0646802067063621
PP.H1.abf	0.000128220897167623
PP.H2.abf	0.873031743817959
PP.H3.abf	0.00167019304388765
PP.H4.abf	0.060489635534624
