nsnps	44
PP.H0.abf	1.85768965090971e-73
PP.H1.abf	9.10848467204489e-08
PP.H2.abf	2.0375853121562e-66
PP.H3.abf	0.999052612304696
PP.H4.abf	0.000947296610460256
