nsnps	80
PP.H0.abf	1.22668661880315e-84
PP.H1.abf	8.67969578736341e-45
PP.H2.abf	1.41328296389033e-43
PP.H3.abf	0
PP.H4.abf	1
