nsnps	142
PP.H0.abf	1.93776469589535e-257
PP.H1.abf	1.99562606869301e-30
PP.H2.abf	9.71005904510293e-228
PP.H3.abf	1
PP.H4.abf	2.59315917330458e-31
