nsnps	9
PP.H0.abf	8.89575822123361e-27
PP.H1.abf	0.000182164207681111
PP.H2.abf	3.88846602427496e-23
PP.H3.abf	0.796062639180216
PP.H4.abf	0.2037551966121
