nsnps	7
PP.H0.abf	4.20312811074659e-45
PP.H1.abf	1.65003126462151e-43
PP.H2.abf	2.55941528670098e-05
PP.H3.abf	4.78567896467556e-06
PP.H4.abf	0.999969620168166
