nsnps	91
PP.H0.abf	5.4630074762917e-08
PP.H1.abf	1.47718156662933e-07
PP.H2.abf	0.157790965994002
PP.H3.abf	0.426246287798136
PP.H4.abf	0.415962543859631
