nsnps	373
PP.H0.abf	1.0807933683948e-09
PP.H1.abf	7.80315183383099e-08
PP.H2.abf	0.0024681838974011
PP.H3.abf	0.177378698550019
PP.H4.abf	0.820153038440267
