nsnps	4
PP.H0.abf	4.48932246542777e-19
PP.H1.abf	2.37863525415234e-07
PP.H2.abf	9.42027453772669e-14
PP.H3.abf	0.0489616096731037
PP.H4.abf	0.951038152463275
