nsnps	496
PP.H0.abf	1.15151553485671e-40
PP.H1.abf	4.32960075292054e-26
PP.H2.abf	2.64069052374346e-15
PP.H3.abf	0.992870111776832
PP.H4.abf	0.00712988822316537
