nsnps	341
PP.H0.abf	1.00417624569936e-08
PP.H1.abf	5.14181072493499e-07
PP.H2.abf	0.00133146648838125
PP.H3.abf	0.0672453411137866
PP.H4.abf	0.931422668174998
