nsnps	71
PP.H0.abf	7.85609301153483e-44
PP.H1.abf	4.68148849587595e-38
PP.H2.abf	1.67766790503604e-06
PP.H3.abf	0.999731149677271
PP.H4.abf	0.000267172654830875
