nsnps	261
PP.H0.abf	7.30179200145328e-126
PP.H1.abf	1.2511737160303e-78
PP.H2.abf	5.83595379914156e-48
PP.H3.abf	1
PP.H4.abf	6.0944661426335e-35
