nsnps	69
PP.H0.abf	1.78018639803161e-17
PP.H1.abf	1.83616414424022e-08
PP.H2.abf	7.36397562265611e-10
PP.H3.abf	0.759312807467975
PP.H4.abf	0.240687173433988
