nsnps	309
PP.H0.abf	6.71365638814957e-45
PP.H1.abf	6.43628553879989e-46
PP.H2.abf	0.729774410503569
PP.H3.abf	0.069761956445541
PP.H4.abf	0.200463633050895
