nsnps	481
PP.H0.abf	6.13976616807173e-59
PP.H1.abf	1.22786702903323e-59
PP.H2.abf	0.715534823444687
PP.H3.abf	0.142955408548142
PP.H4.abf	0.141509768007171
