nsnps	58
PP.H0.abf	1.46489606209475e-65
PP.H1.abf	2.40578405129931e-63
PP.H2.abf	7.06396562503455e-05
PP.H3.abf	0.0106117620136482
PP.H4.abf	0.989317598330111
