nsnps	120
PP.H0.abf	3.34623706113784e-38
PP.H1.abf	1.26694023088936e-40
PP.H2.abf	0.978625721420266
PP.H3.abf	0.00368755075175707
PP.H4.abf	0.017686727827982
