nsnps	35
PP.H0.abf	1.18105950821372e-08
PP.H1.abf	3.02033013874755e-05
PP.H2.abf	1.96079142473715e-05
PP.H3.abf	0.0491926721424047
PP.H4.abf	0.950757504831365
