nsnps	557
PP.H0.abf	1.09244682283019e-08
PP.H1.abf	0.000278964472583981
PP.H2.abf	2.94498503928437e-05
PP.H3.abf	0.751776055884437
PP.H4.abf	0.247915518868117
