nsnps	202
PP.H0.abf	4.16209214731176e-73
PP.H1.abf	7.13181133806074e-26
PP.H2.abf	5.83595379914189e-48
PP.H3.abf	1
PP.H4.abf	2.1869418009365e-18
