nsnps	145
PP.H0.abf	1.5286446510663e-129
PP.H1.abf	3.17362255941973e-124
PP.H2.abf	4.7288456162817e-06
PP.H3.abf	0.98173843314073
PP.H4.abf	0.0182568380136741
