nsnps	107
PP.H0.abf	3.0025388966633e-23
PP.H1.abf	6.54499936505568e-20
PP.H2.abf	0.00045846513356516
PP.H3.abf	0.999372065614457
PP.H4.abf	0.000169469251975674
