nsnps	67
PP.H0.abf	0.00104905052475898
PP.H1.abf	3.40613896493433e-06
PP.H2.abf	0.805081479605054
PP.H3.abf	0.00242255775794084
PP.H4.abf	0.191443505973281
