nsnps	374
PP.H0.abf	7.88266429287089e-88
PP.H1.abf	1.04158565696367e-89
PP.H2.abf	0.978016742970985
PP.H3.abf	0.0129140767752347
PP.H4.abf	0.00906918025377795
