nsnps	526
PP.H0.abf	8.14794998043783e-10
PP.H1.abf	3.41089949314337e-11
PP.H2.abf	0.777147610670055
PP.H3.abf	0.0323424879418164
PP.H4.abf	0.190509900539226
