nsnps	5
PP.H0.abf	1.67010693192311e-38
PP.H1.abf	0.0406079163401218
PP.H2.abf	3.06798066148526e-39
PP.H3.abf	0.00650677488743113
PP.H4.abf	0.952885308772452
