nsnps	49
PP.H0.abf	2.47973859997425e-89
PP.H1.abf	3.74868795665146e-91
PP.H2.abf	0.205834875980736
PP.H3.abf	0.00231981622239764
PP.H4.abf	0.791845307796859
