nsnps	332
PP.H0.abf	4.42054418420704e-36
PP.H1.abf	1.03655625766057e-28
PP.H2.abf	4.19673195150782e-10
PP.H3.abf	0.00884960355821036
PP.H4.abf	0.99115039602212
