nsnps	661
PP.H0.abf	1.80211138820031e-34
PP.H1.abf	4.17158860304392e-36
PP.H2.abf	0.960051202469421
PP.H3.abf	0.0222058481159503
PP.H4.abf	0.0177429494146287
