nsnps	507
PP.H0.abf	3.67707504672519e-27
PP.H1.abf	2.95204838802226e-17
PP.H2.abf	1.24560101533966e-10
PP.H3.abf	0.999999842850569
PP.H4.abf	1.57024870676283e-07
