nsnps	442
PP.H0.abf	2.24538619075027e-18
PP.H1.abf	8.49556049725447e-15
PP.H2.abf	1.88491625760607e-05
PP.H3.abf	0.0703874035903022
PP.H4.abf	0.929593747247116
