nsnps	437
PP.H0.abf	1.1659949658526e-24
PP.H1.abf	1.35710823005199e-12
PP.H2.abf	8.59175863390799e-13
PP.H3.abf	0.999999716196169
PP.H4.abf	2.83801613690581e-07
