nsnps	295
PP.H0.abf	8.44842467430689e-12
PP.H1.abf	0.000191464517616603
PP.H2.abf	2.74551660959092e-08
PP.H3.abf	0.621831527783826
PP.H4.abf	0.377976980234943
