nsnps	121
PP.H0.abf	2.89502813456025e-59
PP.H1.abf	4.96067692480021e-12
PP.H2.abf	5.83595135861169e-48
PP.H3.abf	0.999999581392674
PP.H4.abf	4.18602358010497e-07
