nsnps	158
PP.H0.abf	5.37293155657186e-122
PP.H1.abf	1.03702437120863e-12
PP.H2.abf	5.18110442312107e-110
PP.H3.abf	0.999999999996589
PP.H4.abf	2.38146321119012e-12
