nsnps	250
PP.H0.abf	5.41053549723998e-93
PP.H1.abf	6.60475183715269e-95
PP.H2.abf	0.955325502506588
PP.H3.abf	0.0116288089855399
PP.H4.abf	0.0330456885078598
