nsnps	703
PP.H0.abf	0.0080989754700318
PP.H1.abf	0.000330820975942025
PP.H2.abf	0.901345496073371
PP.H3.abf	0.0367640352907619
PP.H4.abf	0.0534606721898934
