nsnps	495
PP.H0.abf	1.36107255871967e-31
PP.H1.abf	2.39769570879161e-33
PP.H2.abf	0.676831859001812
PP.H3.abf	0.0116116641737239
PP.H4.abf	0.311556476824461
