nsnps	352
PP.H0.abf	3.43377878642592e-17
PP.H1.abf	1.74380227684393e-07
PP.H2.abf	1.96101098844888e-10
PP.H3.abf	0.995871156043551
PP.H4.abf	0.00412866938012257
