nsnps	126
PP.H0.abf	2.55099349174153e-23
PP.H1.abf	3.26895006035013e-12
PP.H2.abf	7.80370897214136e-12
PP.H3.abf	0.999999999922345
PP.H4.abf	6.65826282032482e-11
