nsnps	399
PP.H0.abf	2.84747124660996e-24
PP.H1.abf	3.99309239166378e-19
PP.H2.abf	5.63882912402959e-08
PP.H3.abf	0.00691440982718238
PP.H4.abf	0.993085533784525
