nsnps	495
PP.H0.abf	1.60427176945241e-20
PP.H1.abf	9.73800370164444e-21
PP.H2.abf	0.461549612675598
PP.H3.abf	0.279904199446029
PP.H4.abf	0.258546187878371
