nsnps	142
PP.H0.abf	1.73294131935674e-68
PP.H1.abf	3.39486110379869e-61
PP.H2.abf	1.676563294681e-09
PP.H3.abf	0.0318760321145154
PP.H4.abf	0.968123966208934
