nsnps	57
PP.H0.abf	1.54358430935754e-12
PP.H1.abf	1.64590634867308e-05
PP.H2.abf	1.07324645727502e-08
PP.H3.abf	0.11355261507745
PP.H4.abf	0.886430915125055
