nsnps	434
PP.H0.abf	2.09600938253362e-19
PP.H1.abf	9.60711951272205e-12
PP.H2.abf	2.18172484875029e-08
PP.H3.abf	0.99999988256156
PP.H4.abf	9.56115819553542e-08
