nsnps	90
PP.H0.abf	2.72288075855271e-08
PP.H1.abf	1.31800996156514e-09
PP.H2.abf	0.458254293671771
PP.H3.abf	0.0216617072111496
PP.H4.abf	0.52008397057026
