nsnps	209
PP.H0.abf	1.03515423760422e-25
PP.H1.abf	3.04779309167759e-26
PP.H2.abf	0.743631484671632
PP.H3.abf	0.218909130350445
PP.H4.abf	0.0374593849779236
