nsnps	484
PP.H0.abf	6.36986250148934e-08
PP.H1.abf	7.7189246731507e-05
PP.H2.abf	0.000462549910394003
PP.H3.abf	0.560073169573002
PP.H4.abf	0.439387027571247
