nsnps	407
PP.H0.abf	3.37357927032641e-10
PP.H1.abf	1.07853303315356e-05
PP.H2.abf	9.53896396682844e-07
PP.H3.abf	0.0295255977998487
PP.H4.abf	0.970462662636064
