nsnps	254
PP.H0.abf	4.98298696851101e-161
PP.H1.abf	4.74698077553653e-163
PP.H2.abf	0.898827153787478
PP.H3.abf	0.0084698624946232
PP.H4.abf	0.0927029837179124
