nsnps	98
PP.H0.abf	1.50240612392655e-14
PP.H1.abf	1.0259410931443e-15
PP.H2.abf	0.403822417672581
PP.H3.abf	0.0270064627936462
PP.H4.abf	0.569171119533757
