nsnps	193
PP.H0.abf	2.58624648346562e-20
PP.H1.abf	7.58511613324885e-21
PP.H2.abf	0.735086594953108
PP.H3.abf	0.215541726322196
PP.H4.abf	0.049371678724696
