nsnps	111
PP.H0.abf	1.04894561367221e-21
PP.H1.abf	2.15958290330378e-14
PP.H2.abf	5.52115347988459e-10
PP.H3.abf	0.0103774001579079
PP.H4.abf	0.989622599289958
