nsnps	133
PP.H0.abf	7.65590114750294e-38
PP.H1.abf	1.57620693950121e-30
PP.H2.abf	6.90303591262697e-10
PP.H3.abf	0.013225285891175
PP.H4.abf	0.986774713418519
