nsnps	176
PP.H0.abf	1.15417568917103e-55
PP.H1.abf	4.27929028439215e-51
PP.H2.abf	2.69548584755111e-05
PP.H3.abf	0.999393750994224
PP.H4.abf	0.000579294147293411
