nsnps	599
PP.H0.abf	1.01859266706707e-25
PP.H1.abf	3.22717655427366e-27
PP.H2.abf	0.957853165066081
PP.H3.abf	0.0303355628715072
PP.H4.abf	0.0118112720624088
