nsnps	92
PP.H0.abf	2.3284878634829e-08
PP.H1.abf	6.422513975596e-08
PP.H2.abf	0.0519367721239218
PP.H3.abf	0.142448146403916
PP.H4.abf	0.805614993962142
