nsnps	113
PP.H0.abf	1.99388191456123e-17
PP.H1.abf	3.80093154874923e-10
PP.H2.abf	5.59473337875634e-09
PP.H3.abf	0.105758004820682
PP.H4.abf	0.89424198920449
