nsnps	243
PP.H0.abf	1.9075040618466e-17
PP.H1.abf	9.68699461623144e-08
PP.H2.abf	1.96363909195101e-10
PP.H3.abf	0.997204061665323
PP.H4.abf	0.00279584126836539
