nsnps	75
PP.H0.abf	1.06050048523621e-09
PP.H1.abf	1.93759633477068e-12
PP.H2.abf	0.982176825654308
PP.H3.abf	0.0017784497099305
PP.H4.abf	0.016044723573323
