nsnps	4
PP.H0.abf	2.50506503011197e-08
PP.H1.abf	5.29868373486116e-05
PP.H2.abf	9.44550367587346e-07
PP.H3.abf	0.00099895460594301
PP.H4.abf	0.99894708895569
