nsnps	354
PP.H0.abf	4.34670723277959e-212
PP.H1.abf	1.2542845127546e-206
PP.H2.abf	1.62884149165503e-06
PP.H3.abf	0.469487492935817
PP.H4.abf	0.530510878222702
