nsnps	332
PP.H0.abf	6.07720139781638e-65
PP.H1.abf	1.42501938120545e-57
PP.H2.abf	3.74035966260444e-10
PP.H3.abf	0.00777840268054773
PP.H4.abf	0.992221596945424
