nsnps	264
PP.H0.abf	1.01742691068798e-25
PP.H1.abf	1.38653329907448e-20
PP.H2.abf	5.2709657039598e-08
PP.H3.abf	0.00618937811007138
PP.H4.abf	0.993810569180274
