nsnps	4
PP.H0.abf	2.07565174048398e-12
PP.H1.abf	5.45612390792877e-15
PP.H2.abf	0.80841202767157
PP.H3.abf	0.00193536485360072
PP.H4.abf	0.189652607472748
