nsnps	444
PP.H0.abf	2.69638701565046e-22
PP.H1.abf	1.22946906803524e-17
PP.H2.abf	2.17801505848608e-05
PP.H3.abf	0.993100613484867
PP.H4.abf	0.00687760636454842
