nsnps	109
PP.H0.abf	1.25413782726158e-20
PP.H1.abf	5.28074384227786e-20
PP.H2.abf	0.191497424770605
PP.H3.abf	0.806327739379016
PP.H4.abf	0.00217483585037786
