nsnps	17
PP.H0.abf	1.82280007202002e-08
PP.H1.abf	4.87233660326747e-05
PP.H2.abf	4.33481587678232e-06
PP.H3.abf	0.010597594510277
PP.H4.abf	0.989349329079812
