nsnps	14
PP.H0.abf	8.77815112217935e-27
PP.H1.abf	8.37117791513529e-25
PP.H2.abf	0.00586526668900905
PP.H3.abf	0.558898845857336
PP.H4.abf	0.435235887453657
