nsnps	158
PP.H0.abf	9.71071976249317e-122
PP.H1.abf	1.87425671621768e-12
PP.H2.abf	5.18110442301946e-110
PP.H3.abf	0.999999999976922
PP.H4.abf	2.11993263728411e-11
