nsnps	502
PP.H0.abf	5.13212296625036e-20
PP.H1.abf	1.43550755595518e-17
PP.H2.abf	0.000393729642562979
PP.H3.abf	0.109239862470015
PP.H4.abf	0.890366407887423
