nsnps	207
PP.H0.abf	4.3548507810433e-13
PP.H1.abf	2.77695412328954e-15
PP.H2.abf	0.970667337957133
PP.H3.abf	0.00616648026538957
PP.H4.abf	0.0231661817770401
