nsnps	444
PP.H0.abf	3.84559371336501e-10
PP.H1.abf	1.75347177217899e-05
PP.H2.abf	3.74181810849128e-06
PP.H3.abf	0.169785137073207
PP.H4.abf	0.830193586006403
