nsnps	129
PP.H0.abf	3.62218631669063e-80
PP.H1.abf	6.90497000060828e-73
PP.H2.abf	1.32305968046833e-09
PP.H3.abf	0.0242457186203066
PP.H4.abf	0.975754280056623
