nsnps	126
PP.H0.abf	7.97561942816751e-26
PP.H1.abf	1.02202932682666e-14
PP.H2.abf	7.80370897259188e-12
PP.H3.abf	0.99999999998014
PP.H4.abf	1.20438502003565e-11
