gene_locus	gene_id	chr	start	stop	n_snps	n_pcs	phen1	phen2	rho	rho.lower	rho.upper	r2	r2.lower	r2.upper	p
FCGR2A	ENSG00000143226	1	161375220	161593803	282	73	PD_blauwendraat2019	pqtls_FCGR2A	0.445357	0.19422	0.74547	0.198343	0.03772	0.55573	0.000845725
CNTN2	ENSG00000184144	1	204912325	205147627	594	100	PD_blauwendraat2019	pqtls_CNTN2	0.342137	0.09476	0.64687	0.117058	0.00921	0.41843	0.00683148
BST1	ENSG00000109743	4	15604573	15839936	633	77	PD_blauwendraat2019	pqtls_BST1	0.514672	0.25094	0.86019	0.264888	0.06297	0.73993	0.000368547
TREML2	ENSG00000112195	6	41058015	41268932	467	76	PD_blauwendraat2019	pqtls_TREML2	0.571016	0.30601	0.94534	0.32606	0.09364	0.89366	7.6529e-05
PCBD1	ENSG00000166228	10	72542037	72748541	723	127	PD_blauwendraat2019	pqtls_PCBD1	0.591415	0.31121	1	0.349772	0.09685	1	0.000133924
SIGLEC15	ENSG00000197046	18	43305477	43524045	438	65	PD_blauwendraat2019	pqtls_SIGLEC15	-0.465537	-0.92396	-0.10253	0.216725	0.01132	0.8537	0.0175714
